source,path,bytes,sha256
allstadt2017,allstadt2017/Events.csv,34064,b8fcdaa18de1b068fb051a951fceb68920c595bfcf21b2fcf713ed39f2edc538
dem,dem/3dep_30m_rainier-v0.tif,58781696,95af7d963e8cb1f41fbf66ee80ebf013f7eae79aff84a7c0c5f04ed07c20b6fb
dem_3dep_1m,dem_3dep_1m/3dep_sources.gpkg,33955840,6ac08c69369a60c3aedb6919005e37fa1aa4f231f50fc1e3e217e70107c5de0a
dem_3dep_1m,dem_3dep_1m/landslides/compilation_1000.tif,309739,5badea93f8a1ebeffd1bb79f0c70e23a17f33a855e3cc8cf98da00da97925930
dem_3dep_1m,dem_3dep_1m/landslides/compilation_10273.tif,22946,354f10e0af7a43ed52c30355a8ae6b0cdbf78384bcea999670be426b501f74bf
dem_3dep_1m,dem_3dep_1m/landslides/compilation_10275.tif,14367,4d3286ad7924bfeafff6e952882734109b6bdbfc7070077b3977d6c2f26e65d6
dem_3dep_1m,dem_3dep_1m/landslides/compilation_10276.tif,30531,d8dd567be0ee01996e42456a2e23120df812b847dfa003c1d42426dff3c5a081
dem_3dep_1m,dem_3dep_1m/landslides/compilation_10277.tif,21529,1e3cb4b38dbcdd8ab613bedf051e64840647dde6e8d728794cd8356c3035a57a
dem_3dep_1m,dem_3dep_1m/landslides/compilation_10279.tif,24074,c265b171ecfd44b6204d043c2788afea106ecb807c0c4b4a8748365b03881d12
dem_3dep_1m,dem_3dep_1m/landslides/compilation_10280.tif,30068,e6595538e93b3ddc90e590d2e8ca5f220f2ab4705a7bacee5ce3ff83495b4ae3
dem_3dep_1m,dem_3dep_1m/landslides/compilation_10282.tif,27838,777ca9ac7e1ce9ff804ee78ae2a3b7593097d33704aa89d795702a57478bb31c
dem_3dep_1m,dem_3dep_1m/landslides/compilation_10284.tif,14607,b7567f0f6d545a814eabfaf7abaf083ee3143d6c81d9acf839cabc2aa7be6f80
dem_3dep_1m,dem_3dep_1m/landslides/compilation_10285.tif,13565,1c68a391a3d1f7416144472d0bb05526cb2feb746533b71fa7f497ac5bde1c83
dem_3dep_1m,dem_3dep_1m/landslides/compilation_10286.tif,45565,0a32bf3d30d8072a6c5be6e48fb9e311380b9cefc5f80613ae1b1fe9a47484c6
dem_3dep_1m,dem_3dep_1m/landslides/compilation_10288.tif,14437,b08d93b1de182a5313553201a837508e919324ca1d37e659e67795e736e7e472
dem_3dep_1m,dem_3dep_1m/landslides/compilation_10289.tif,24607,24bdccab43c29597e1fd2a3c6d1ee7bbeaa6684018f86baaead895c67df25717
dem_3dep_1m,dem_3dep_1m/landslides/compilation_10290.tif,54059,e59aec0e62d9d933e045ec6fc6db5b29860350dc02e6be8427518ad00b4a7b78
dem_3dep_1m,dem_3dep_1m/landslides/compilation_10293.tif,46546,ad49a457ffa636bf07eb95fe635937d03dc2cfdcefbd69d56dead9b2c8d242ab
dem_3dep_1m,dem_3dep_1m/landslides/compilation_10294.tif,34732,6f782c5b9e7a7ebfb7cb18d2232d9e75d6abe002e4901bcf2a7a92ff3c35ed4c
dem_3dep_1m,dem_3dep_1m/landslides/compilation_10296.tif,30968,fe528af54a8c5eb3f7f68bd2cae59ca8c450bb73319dccc4e1d654a90b81f68c
dem_3dep_1m,dem_3dep_1m/landslides/compilation_10299.tif,31028,7e1bd85dd06bc49326f6b78a498478bc1d0f0127b0020ab1bb86014ae9d952ea
dem_3dep_1m,dem_3dep_1m/landslides/compilation_10300.tif,29033,4496edb50ffe8e17283ff810389039f81317c3c12aa402cb8006982be89b7fb8
dem_3dep_1m,dem_3dep_1m/landslides/compilation_10319.tif,29321,3c3bf8c7721eedf838884fe4bdcf4f1232b48a2d5d648835b6f63f2bc481dd83
dem_3dep_1m,dem_3dep_1m/landslides/compilation_10320.tif,21494,3c05a53a68e6eb2abc6297894d6349a6f5cd4c61cd73d553b6f53c1f38e7cf15
dem_3dep_1m,dem_3dep_1m/landslides/compilation_10322.tif,15611,c3dbc5a2e35a5c3b28c1cc453016c9be3b6114df4da519fe54b54a5608ee19c7
dem_3dep_1m,dem_3dep_1m/landslides/compilation_10328.tif,12796,88e88c4f797f95b2d60548abed343f36bdeefb337f69d382928b6a4d0a331fad
dem_3dep_1m,dem_3dep_1m/landslides/compilation_10329.tif,219174,9c80b2d38950ab14fcd7945e7e6541d56b3973e8d8069ee5277190157a324b88
dem_3dep_1m,dem_3dep_1m/landslides/compilation_10330.tif,52701,56fe691dbe7da7ddc06971600fc28297e1990d9d41579e19de31d9df46b0bb4f
dem_3dep_1m,dem_3dep_1m/landslides/compilation_10331.tif,110607,634ce4d2d68ce2e4ad112c9f65528b1ad7f68d2f4777ba9bc4e828b8cacb250b
dem_3dep_1m,dem_3dep_1m/landslides/compilation_10334.tif,27782,9acbae703e5199b264bdc39346535d4a28221c85b4694ea6fea974ed75e0524e
dem_3dep_1m,dem_3dep_1m/landslides/compilation_10335.tif,118994,5f5b4e1f8c6292aee017f5a22f9ad13160fd4f6963a50d320afb0886e46326a4
dem_3dep_1m,dem_3dep_1m/landslides/compilation_10336.tif,23260,0fecf1350f06a783d6d84226e3a6c2e5ddcbda939278aed5f6d4583d9312deec
dem_3dep_1m,dem_3dep_1m/landslides/compilation_10339.tif,108110,bcb3715ef76534a7705ada01c96fd24796069955549faaa16441e27a3b0c01de
dem_3dep_1m,dem_3dep_1m/landslides/compilation_10340.tif,24962,75df610ae5296b0476b426c14be02f8a410cc11f0575baf00bf7c8733afa461e
dem_3dep_1m,dem_3dep_1m/landslides/compilation_10343.tif,12984,d9105ccffdd06c3d50f7950244a7710e044e4c4979025cd88ddb208978726523
dem_3dep_1m,dem_3dep_1m/landslides/compilation_10344.tif,33463,1c19656d1c8bad7cbc10ebf3750e0a158f15bfb5cbee9e499ac04ca6f05e9229
dem_3dep_1m,dem_3dep_1m/landslides/compilation_10345.tif,31156,0ede151db263f417ab74f139e4846f5634612e8cb6392e0cf49bbac37dbe09f6
dem_3dep_1m,dem_3dep_1m/landslides/compilation_10360.tif,20452,08c762a2deef12601aa8abdd8abc67b853dc214dcff89c4150a9c2d3e4cde9df
dem_3dep_1m,dem_3dep_1m/landslides/compilation_1043.tif,378598,b48c2aabe64bb4121fd43312de14edbfc8bf6ffd0959942c204a314ff5e1b268
dem_3dep_1m,dem_3dep_1m/landslides/compilation_10473.tif,70064,6cd185358cd3e95dea82d70a267c915ccd9b330f745de3a4fe9648facb1c17dc
dem_3dep_1m,dem_3dep_1m/landslides/compilation_10769.tif,28503,d2e0ee856e0a7e76687a4bcf9444c8ef35e6b75cfaa5dbdc361f170b1a1c064d
dem_3dep_1m,dem_3dep_1m/landslides/compilation_10771.tif,17454,852313795b14b84c1007a0888e6f1d4e9f2928e959ce6f648f8c3875a7d8c6a1
dem_3dep_1m,dem_3dep_1m/landslides/compilation_10775.tif,10312,8aefac35b4779a2508106955b14ba58b427a37f17fdffdf00ea95720bc8a37e4
dem_3dep_1m,dem_3dep_1m/landslides/compilation_10776.tif,43632,90681853ff52cabcafcb34be35b0df5fd0384f6833712a70556da40f1cc64fb3
dem_3dep_1m,dem_3dep_1m/landslides/compilation_10779.tif,27625,dc8f85706d8f96858091ccc216f7601ceee75d678900c5218aaf4d3325971b69
dem_3dep_1m,dem_3dep_1m/landslides/compilation_10782.tif,60460,e9fd743c5a1970a894f9888acfab6b65584f7d027f8c246349b47ef8304c6d20
dem_3dep_1m,dem_3dep_1m/landslides/compilation_10783.tif,30473,770c589bbd59f721123afa7d6a70697ee619ee07586df66428972b05b4841b8b
dem_3dep_1m,dem_3dep_1m/landslides/compilation_10784.tif,16690,67122e585ca4db60ba20db87d7932ac7915dbb97c6d7d298ae45d34e27472ff8
dem_3dep_1m,dem_3dep_1m/landslides/compilation_10787.tif,60069,0d5b2dfaeffcd0aedbee08ff3ef5d9ef8b8903f275cd196f01da5a46c953873e
dem_3dep_1m,dem_3dep_1m/landslides/compilation_10788.tif,67746,efec19fdb918acb71e264ff4004c78d8c0dc43f6b9d56f274027dc3a70ef79b3
dem_3dep_1m,dem_3dep_1m/landslides/compilation_10790.tif,24710,06e4e22a4190d546a552522fd2627a56080af754c36bcf49b9639cb23dc11df7
dem_3dep_1m,dem_3dep_1m/landslides/compilation_10791.tif,43904,bf1888c18e2030441d8c378dd9df205014f035800ab96e48c739c396385673e0
dem_3dep_1m,dem_3dep_1m/landslides/compilation_10800.tif,1056276,e328d347da35942a36bd858d333163f19b6936605bd7df3713d7ef2dd57993cf
dem_3dep_1m,dem_3dep_1m/landslides/compilation_10815.tif,277812,687ec8f28e7d81be0fc20ade05ca612e02345a9c84b462d6ff93c3ebc2ac51b5
dem_3dep_1m,dem_3dep_1m/landslides/compilation_1127.tif,868996,10dfea8edce260a9d890e9d6c735b5c564244336e93c8cfb7558898e3072eda3
dem_3dep_1m,dem_3dep_1m/landslides/compilation_11275.tif,54642,ab00fad1ff4158cea830e6e90659d4243163a6e115f96e795d5501c1dbe37e04
dem_3dep_1m,dem_3dep_1m/landslides/compilation_11276.tif,26833,b2ce2752de84f372901dbb25a0de7d4f6d7f0beeafe323d1f8472d8f02fb06d5
dem_3dep_1m,dem_3dep_1m/landslides/compilation_11277.tif,22795,7e8a21114e95fbd0e34a7b24c48fc0760ff5a2f99dc5a4359749c3921c9f59bb
dem_3dep_1m,dem_3dep_1m/landslides/compilation_11278.tif,51065,b4c9a83d9e7126dca620b419e5198892d0bcc48339abda1e2d881b5e3dc51c52
dem_3dep_1m,dem_3dep_1m/landslides/compilation_11279.tif,32945,071cafa56dabb04326620720abbf2a8e5495fbc83cb8d6ace037cfb15e5adc53
dem_3dep_1m,dem_3dep_1m/landslides/compilation_11280.tif,23811,8f24dcee8fe247c8d136c6298f04c57160826e4f8cc5391d2127cac676694a29
dem_3dep_1m,dem_3dep_1m/landslides/compilation_11281.tif,11810,12c46e0c6acf99a45fd706713c80852da6584d4664e9ec242bd0aa820cba84ec
dem_3dep_1m,dem_3dep_1m/landslides/compilation_11284.tif,37547,77c0b73180258e1c4030502b512245e78694cead2a300bdd1859b8de6f344c87
dem_3dep_1m,dem_3dep_1m/landslides/compilation_11285.tif,32756,e52d5a5315b7b1c01f89a6eb04a91c07305dcdde1f290d4c2e585c3404a72050
dem_3dep_1m,dem_3dep_1m/landslides/compilation_11287.tif,16356,34b4ca8cdfe680ec1bcad5577e4a336f4e74d8743ae1f77c1e22a806f9d6bd42
dem_3dep_1m,dem_3dep_1m/landslides/compilation_11288.tif,24860,fad6034cf3926200579ac3a40130ef2d4c9587e10525a87246aa88954333df84
dem_3dep_1m,dem_3dep_1m/landslides/compilation_11292.tif,14872,beb2adced3693d0e945026907071d3be321e7a1426427c415ecf4390e242843c
dem_3dep_1m,dem_3dep_1m/landslides/compilation_11294.tif,11666,46f2c1613868835fa14684cd1bcddbe4252a41c812b8d94f34fa6bcf744cc700
dem_3dep_1m,dem_3dep_1m/landslides/compilation_11295.tif,38679,019bda1b66f216f1cde1a30744c571d5e4230081128fc17fa9278a1985d9a4cc
dem_3dep_1m,dem_3dep_1m/landslides/compilation_11297.tif,22702,32fe8f1d15dd80b5c37a02801158ffaca64ade85d4255c52f2cc1f08317ba36c
dem_3dep_1m,dem_3dep_1m/landslides/compilation_11313.tif,35471,d93d02bf6500302a3760906b12090d3c7b03f3e7260779e0f6df9d528fa6cb32
dem_3dep_1m,dem_3dep_1m/landslides/compilation_1158.tif,98297,313263e3255350384e541a2bff9b51101ad9a0e0fcb4ffba000f736575b1bd73
dem_3dep_1m,dem_3dep_1m/landslides/compilation_1159.tif,1132710,e4c350d8c0f4646fc3e82dac38387195a681922221fee38be90cb35e7cae0914
dem_3dep_1m,dem_3dep_1m/landslides/compilation_11608.tif,16844,bee45767849b0d0b6e3a99f3f53865dbecd97c66954344dd709b14b2dde3726c
dem_3dep_1m,dem_3dep_1m/landslides/compilation_11609.tif,16550,55d500f52bc7d57a9d1fac82abc6b4579aa3f29d682898bca11f56d7e14c7f72
dem_3dep_1m,dem_3dep_1m/landslides/compilation_11610.tif,23346,69180e38bf47ecbc4cce67aa7dd57c51f3a06b98b0e98b1164c6bd8b86a60093
dem_3dep_1m,dem_3dep_1m/landslides/compilation_11611.tif,23306,89003215fa9c90a2ad62a9b57bd2eb91d7a126d2af33c85d15db8be93c6d5929
dem_3dep_1m,dem_3dep_1m/landslides/compilation_11612.tif,11762,8aa686a2d1ae71be4250cd11764aef5aae95827e458ad135b2ca371ecf20dafc
dem_3dep_1m,dem_3dep_1m/landslides/compilation_11613.tif,20407,5fc9e88c6a2a2177a1666c2f7a4d508e7d0d9eec171603bc629e7b4abfe41f5f
dem_3dep_1m,dem_3dep_1m/landslides/compilation_11614.tif,31465,c44366b6b0304e32b5a8fcbc47c40bb7e7807cec8a19e1cd7ff3307875d35d4d
dem_3dep_1m,dem_3dep_1m/landslides/compilation_11619.tif,23988,9a1aa66d0bd8204286a24da9863646615fd9c63394e5cff66de99fedd778f2fe
dem_3dep_1m,dem_3dep_1m/landslides/compilation_11622.tif,10805,f8579bef041adb6a6cf0bbc3d061585da963bd12cf85702d702ae2537e734285
dem_3dep_1m,dem_3dep_1m/landslides/compilation_11623.tif,29536,7ad33ba49d0617a5683511e87fd93e342788dd40c6f6fc7f2735e7c02f4ec7b4
dem_3dep_1m,dem_3dep_1m/landslides/compilation_11624.tif,23388,aeb91ba0584749ada088b4289e7c26c03963dddaf8f29155d06ee80d79dbc879
dem_3dep_1m,dem_3dep_1m/landslides/compilation_11625.tif,36694,9013804a4953409207001cacc75e19d02969e74557e9461c3cba031f9e2bd277
dem_3dep_1m,dem_3dep_1m/landslides/compilation_11626.tif,20789,4043770621d0c6562cccbe870162221cac03d95d5ab3562b4d43469bfd74e16a
dem_3dep_1m,dem_3dep_1m/landslides/compilation_11627.tif,16490,b89b8047c4adb43a1ae8d89f48721b038b28caf6c1f8463e2f27bb884791781f
dem_3dep_1m,dem_3dep_1m/landslides/compilation_11628.tif,28016,f7b87f36451014f5527a5fda6c0003a3df0657bffe43f8317927aa7897c97404
dem_3dep_1m,dem_3dep_1m/landslides/compilation_11629.tif,427687,3d9f801ccc197242c6164ad3f87937ace572844d16f9b14709c73e9e99d11219
dem_3dep_1m,dem_3dep_1m/landslides/compilation_11630.tif,30943,a629969ab7c6bcaecb80b8a5db3de793a91da61933c9dd20a7917ddf87cdee9c
dem_3dep_1m,dem_3dep_1m/landslides/compilation_11633.tif,116781,093e568249fe473988504a8cc8e3367e493241416f7d338adee8dd6161d5ac1d
dem_3dep_1m,dem_3dep_1m/landslides/compilation_11638.tif,24352,b16768b9772f704baf0b1a7eef726701b9869d647637b687d203abf4878e4c5a
dem_3dep_1m,dem_3dep_1m/landslides/compilation_11655.tif,36244,d601c06819e6700ae97934f92dd62ff92cd725ad584ff58f7f3bc027adad75f5
dem_3dep_1m,dem_3dep_1m/landslides/compilation_1176.tif,163785,ab39efd87b722ee6d87128a12689f524901ff1b62f71b314590a9f2099172f7f
dem_3dep_1m,dem_3dep_1m/landslides/compilation_1177.tif,848548,7c5073dddc09792740d5e5179f822dcdb833b7dd466b07c4bed51d9dc76943a3
dem_3dep_1m,dem_3dep_1m/landslides/compilation_1178.tif,976617,408fa9e8deac494115a63b9fe15693b89ea43f40030a4298be39cd8093a6ce68
dem_3dep_1m,dem_3dep_1m/landslides/compilation_1181.tif,18012694,b4eb1089f2c0d7352111ce7a62b4b34225be0ad1f3d752625ba9bdd40635839e
dem_3dep_1m,dem_3dep_1m/landslides/compilation_11842.tif,27633,5c9922646879a3ef9a67b6d77e3d0f4290f269f82c729bc8d0c2ac8b1f275319
dem_3dep_1m,dem_3dep_1m/landslides/compilation_11843.tif,39133,22b7d81203d68ac4aef19e72d83b4bbcf128ed4e88e5106619ffe40e680b88b2
dem_3dep_1m,dem_3dep_1m/landslides/compilation_11845.tif,45335,50921905b40aac12cdad6b637256a7b0b926d1f83bfb64a897dd392e0604abed
dem_3dep_1m,dem_3dep_1m/landslides/compilation_11847.tif,28193,94208b7a707566c63563bbc3ee593c0f50574d3ae487129703287f97e077d8e0
dem_3dep_1m,dem_3dep_1m/landslides/compilation_11848.tif,27829,3c46d2b6c9aa725c51f9a4d988aa05fbc4410ac5e2578759e1cc83ad1191ff45
dem_3dep_1m,dem_3dep_1m/landslides/compilation_11850.tif,16506,a7e6b398b505cbb0cfc512d4fd3278febec45e958ac2a5c9c3e89dc25a559a8f
dem_3dep_1m,dem_3dep_1m/landslides/compilation_11851.tif,65454,976e79f63477c7b79ec7d7454e1fb959f8cc8c853f55bb8b80bdc333e287c489
dem_3dep_1m,dem_3dep_1m/landslides/compilation_11853.tif,116268,ec95a1b31a79ad2a625a45542d59e851e14345e6a20dc9465b0b9ce709ec47af
dem_3dep_1m,dem_3dep_1m/landslides/compilation_11854.tif,52454,5bea8b9e09010270f91c135ee535800bdc6eafad5fea4223b31cb34a8316e1df
dem_3dep_1m,dem_3dep_1m/landslides/compilation_11855.tif,34552,2df94ba8794d90c02494e1abfed1a88254580f213aab48195283f15494187409
dem_3dep_1m,dem_3dep_1m/landslides/compilation_11856.tif,24707,c7ccf62c74dd02f82edf84ee3cbdf9730ed71b7bd71b8e22c464c4eed83f7286
dem_3dep_1m,dem_3dep_1m/landslides/compilation_11859.tif,25413,3c680f735a7c49bdb559cd61df5670a364af1679a5f80d4f8d2cf8d830154afa
dem_3dep_1m,dem_3dep_1m/landslides/compilation_11860.tif,46466,02b1c3873c4306a44ba57d6765ee9c90764f64ead2a363c41a8f6795242ce282
dem_3dep_1m,dem_3dep_1m/landslides/compilation_12000.tif,52960,173296f819c324d539e4e3370458987c60b73769b05d6f4de304b5f34208799d
dem_3dep_1m,dem_3dep_1m/landslides/compilation_12001.tif,34945,2da488948329158f956e3492bea90bfcff313f7837213316beb70a6176b7e002
dem_3dep_1m,dem_3dep_1m/landslides/compilation_12002.tif,25683,a6736d7f20ce3a5dc305573de0ba4fc683af859ea2cef9cbfff28532523a76b0
dem_3dep_1m,dem_3dep_1m/landslides/compilation_12003.tif,9731,283ae89d9ce0340a98423a6cc8ff0ba4b8a72b36bfadf9d04f6305385d507be5
dem_3dep_1m,dem_3dep_1m/landslides/compilation_12004.tif,54311,71f77e11eb07d17404364f6c6932875bb06708e2faf1328a1651120e4c9fdf18
dem_3dep_1m,dem_3dep_1m/landslides/compilation_12005.tif,268426,d9a361a258c976a74e6cf37951c62a99e2d828759eb8b93b60116fbdee8ef4e8
dem_3dep_1m,dem_3dep_1m/landslides/compilation_12007.tif,26717,2df82dad507234d314fab911e6d5200017e0af992721a1aa0c450c788ecd5094
dem_3dep_1m,dem_3dep_1m/landslides/compilation_12008.tif,22607,17d3d1854848a2d3ecfa7835af1e46bd97202320671e887291e6dd6908a3ccfe
dem_3dep_1m,dem_3dep_1m/landslides/compilation_12015.tif,20620,7ba34156809ef96ebd821c2c534e3291f32e115c3aa4ec535bf21646753a1b0d
dem_3dep_1m,dem_3dep_1m/landslides/compilation_12025.tif,83827,fef2f4b2293e90d54e5b418bbea7bd6a5442d9e999f62b2092ca98e4c6a377e4
dem_3dep_1m,dem_3dep_1m/landslides/compilation_12026.tif,88206,a9e495782246f2ff9316b287765989e8071fe3ea28a032f5cf7b7af201bd1f58
dem_3dep_1m,dem_3dep_1m/landslides/compilation_12034.tif,109623,d92508d42b54151e0120859e99d549752cdb74e111a851dbfc5d3c65c39c8b9b
dem_3dep_1m,dem_3dep_1m/landslides/compilation_12035.tif,56058,d0ec39d4103be772c9bd0d00b1276d4b70975ba1580c1285c806f36f25b15f80
dem_3dep_1m,dem_3dep_1m/landslides/compilation_12037.tif,34483,74b90152d44ef89efe2c345211e4637bc03a6849051308c4ded7bcf01c48abb2
dem_3dep_1m,dem_3dep_1m/landslides/compilation_12038.tif,31888,a775deee8114ca28e95f3e5f32b98028833dd733fe874424f522d30df76cee2c
dem_3dep_1m,dem_3dep_1m/landslides/compilation_1225.tif,725933,8bd44f71e4b2f6a4937a435ba6cd309886ddf6ff784592dc424546ee6426bd46
dem_3dep_1m,dem_3dep_1m/landslides/compilation_12333.tif,30136,f49b142f807c8d0ce4d7d71413aa91496c1e3cca5af78eabb6cc5bbfdfef6bce
dem_3dep_1m,dem_3dep_1m/landslides/compilation_12334.tif,19724,3081a104b740e3e6a6e150dc4f32372654480480787b004b104653ca99963171
dem_3dep_1m,dem_3dep_1m/landslides/compilation_12336.tif,12697,bf97833cb96ed361bd2295ab00c81297488c4481f22c657f58198cafc0c0ce81
dem_3dep_1m,dem_3dep_1m/landslides/compilation_12337.tif,34318,1e6c9ad9e4d52e1cb2d6ded52eb6f42b79e43bf213b832fedf9a523efa71b06f
dem_3dep_1m,dem_3dep_1m/landslides/compilation_12338.tif,18141,fe02818cc16881d256bdf72be4b2e6e67a4f199bd840d2cb7e8314fe107dace4
dem_3dep_1m,dem_3dep_1m/landslides/compilation_12339.tif,21669,b1eddeff09f4e6470a412b4e388c8995c5ffae081005f849417e9e0643c87bde
dem_3dep_1m,dem_3dep_1m/landslides/compilation_12340.tif,20945,3189f8538853b4c494f0b5591bcc4382fc7f8af6ce800a94a0e83b52f9d0d715
dem_3dep_1m,dem_3dep_1m/landslides/compilation_12341.tif,37115,97ebd90116a5ebad4651dfc43da693583e7d5ad596ea16706f1d65f976c94b69
dem_3dep_1m,dem_3dep_1m/landslides/compilation_12342.tif,61018,d0f1e3fe74c557f5be297c7277dad391cb7273168cbb24cd1cbb07f0af14e723
dem_3dep_1m,dem_3dep_1m/landslides/compilation_12347.tif,68826,7b016cbd69657529df5efae58dd27508833b0074704074978c84ba29c31021e5
dem_3dep_1m,dem_3dep_1m/landslides/compilation_12348.tif,18350,a8438998b5e5974b323252e393f20118397a38965cb4122a2283e735af3ed86d
dem_3dep_1m,dem_3dep_1m/landslides/compilation_12349.tif,49306,cc32e0c8b376eb2c4636b4625a4ad0d3fe90d000caa400fe5d9a587bf3e66b91
dem_3dep_1m,dem_3dep_1m/landslides/compilation_12350.tif,33262,121afdd7de0e5acd6505cbbeb7640f308c4b270b8a70eb71bf3a0a9c2005e3ae
dem_3dep_1m,dem_3dep_1m/landslides/compilation_12351.tif,27477,0d7d8c9863067f1d70c26047963534a0a81546242b55fe71e9f2a16e38e4795f
dem_3dep_1m,dem_3dep_1m/landslides/compilation_12352.tif,22954,2b14a0cc4f4f0708c3ba3089966bf8743c42b39b144f58c05e4fdac6e0a2716a
dem_3dep_1m,dem_3dep_1m/landslides/compilation_12353.tif,13580,8588800689218e2bcb88e2d3aa86bb0d71eacd9eb9477a1426cf9935716b05d8
dem_3dep_1m,dem_3dep_1m/landslides/compilation_12356.tif,14316,80ed8625a00bf92b087579a96ffb404c6834999f72d6f31ca2f05b71a1669c5a
dem_3dep_1m,dem_3dep_1m/landslides/compilation_12357.tif,58267,4bbacf432b54a72db2c5885604225f77323ba59de9968ab55788d186e8e51b57
dem_3dep_1m,dem_3dep_1m/landslides/compilation_12358.tif,13191,60384d83225851b91d237c02fce2363d2e5a8cd551e79ba30f50936f41de6ffa
dem_3dep_1m,dem_3dep_1m/landslides/compilation_12359.tif,21974,7e83134f17677a8bbc021501a7a7c60856a79ace5204b2ff3abd2f9b7dae6d57
dem_3dep_1m,dem_3dep_1m/landslides/compilation_12360.tif,25904,ea32d80b47d32b46c255e81664cd10c6c7fb5d05efb243e2a3b55ae553d17a76
dem_3dep_1m,dem_3dep_1m/landslides/compilation_12363.tif,21626,e1b9d30fafd88adf39963851b14fc15d5d3ff9a6274a14bd721e8b993070ce0c
dem_3dep_1m,dem_3dep_1m/landslides/compilation_12364.tif,25674,b6f33719fd963bfa017c62843746c239bc1e066d932b1b6c0cd7186b9fcbee25
dem_3dep_1m,dem_3dep_1m/landslides/compilation_12369.tif,114275,37584c3b01352a3f7b7299cd718291df1168304ec786926a80cb9cd8db015ef8
dem_3dep_1m,dem_3dep_1m/landslides/compilation_12371.tif,32086,3e7bd6aceec6c7c36229f13c0fce72017a541aa25f857a96517354b777730888
dem_3dep_1m,dem_3dep_1m/landslides/compilation_12372.tif,33119,73d2d10c188715fbfab8d27183e9fc5f227dd7c9688cd41ecd7ba0d4e79c2932
dem_3dep_1m,dem_3dep_1m/landslides/compilation_1263.tif,4515411,712ff220d38bd7c3d545d90afbf976f6d4f013a0fb5beea912373304b0b9836b
dem_3dep_1m,dem_3dep_1m/landslides/compilation_1264.tif,1227159,45cb08e2b09dbd2e5d9e494e296ec5976b6fbd62a69f4dc5d46577bbc5ac5d27
dem_3dep_1m,dem_3dep_1m/landslides/compilation_1265.tif,3608014,c3b748dd0e0b9be9fe8179fcc51164c7640b64473b53fa49a048229184e552f5
dem_3dep_1m,dem_3dep_1m/landslides/compilation_1266.tif,2812550,501c546b1814ce71fd6e7d990aeea5de96a92fc7a7c475433af37dadd3a173dd
dem_3dep_1m,dem_3dep_1m/landslides/compilation_12697.tif,24167,3ca09d1ddb2cf72acc6021bc414d43f8a056e21d18e077e0b924ed85a198bd3a
dem_3dep_1m,dem_3dep_1m/landslides/compilation_12698.tif,31186,a6c01d6db1290e4ed1a72ccfc9bb37a1a9ce51fe231e431d133814034d82bb26
dem_3dep_1m,dem_3dep_1m/landslides/compilation_12699.tif,29390,934783be8c33dce1f9099578fa110b9d5d2aa212f8613cd8be513e7cd5163948
dem_3dep_1m,dem_3dep_1m/landslides/compilation_12701.tif,39398,c4674920d520fab40ee76f5dbc8de230c162f5461ca874e85b77c1d9471480de
dem_3dep_1m,dem_3dep_1m/landslides/compilation_12703.tif,58662,f8c675e970b0dd0fdc68fbd0388010f92000f78eee73aa7c03e7778cd56ebcff
dem_3dep_1m,dem_3dep_1m/landslides/compilation_12704.tif,20436,7345108a8c4cf9f56458700655f62ac85ae6e4f808f8752c34b29235ea4c84b7
dem_3dep_1m,dem_3dep_1m/landslides/compilation_12705.tif,43054,1b8778e8ec8ffc2df7231238bca58c5b1d8612ca0d0eb84af0ffb0f98f0211d1
dem_3dep_1m,dem_3dep_1m/landslides/compilation_12708.tif,63674,d20d212a2c2d547fe979bfcff38ee0552d0c537c73e4d774340c2db4270e4e27
dem_3dep_1m,dem_3dep_1m/landslides/compilation_12710.tif,31871,d323243e010d2fee062b275e6e154560ababd236f8c52a7bd86748f286d12e61
dem_3dep_1m,dem_3dep_1m/landslides/compilation_12712.tif,28246,1a601d8fc399c232a43f14d338409207fb88804494d659b1a3570a78ef709ecb
dem_3dep_1m,dem_3dep_1m/landslides/compilation_12713.tif,14501,c987542a8bdc5f1d4eec31486b76e4690b6e835ffaf9c74e8b78b452effccbca
dem_3dep_1m,dem_3dep_1m/landslides/compilation_12714.tif,42899,e5adadb66423e23e31703d6184a9b20a17e709d1b1013c5a28994eb24e1dac5c
dem_3dep_1m,dem_3dep_1m/landslides/compilation_12722.tif,61285,daa17d9c11cc8348c79109cd7fd22a35b24dee256c79d4ab3d79393fd4f44851
dem_3dep_1m,dem_3dep_1m/landslides/compilation_1296.tif,1070050,a6086682881ca946e65110223b40010fe4cda1d877442725e0c0a072e925495e
dem_3dep_1m,dem_3dep_1m/landslides/compilation_13038.tif,93720,4eb1d924ea5c5605842e8135f5893855a6a9f5c1ef1fdfa944050410c2e4bedf
dem_3dep_1m,dem_3dep_1m/landslides/compilation_13039.tif,11923,756c4a093b916480893281eb941d67e8c71905f7c7fe03eb232498dd40dcf8ec
dem_3dep_1m,dem_3dep_1m/landslides/compilation_13040.tif,29401,3a7fd18d2f366f4984ad2bd20616c4a398c64bfd549af6c43cb4326d33c5df7e
dem_3dep_1m,dem_3dep_1m/landslides/compilation_13041.tif,17046,da0289ab3ff20774a073d5100856e95d839385bbced99f2b4ba87f3e6d8dc02b
dem_3dep_1m,dem_3dep_1m/landslides/compilation_13042.tif,27229,4e0f7030d37e35db078510bd64e342b8a441ebeb7e2670cbd303fd82a109fbf4
dem_3dep_1m,dem_3dep_1m/landslides/compilation_13043.tif,45593,32924f41a4993a7374662357078ecd4673f3b6974b210877027097ad1feacca1
dem_3dep_1m,dem_3dep_1m/landslides/compilation_13044.tif,22161,82dfd87bcf497e4c1817c2d5fac8ef134c37901ad8c18704c10d8b964b95af9e
dem_3dep_1m,dem_3dep_1m/landslides/compilation_13047.tif,50114,fb97bedc83239456d04eb44e2fc58c0564105f21d600a309f21e9e48a64a0cec
dem_3dep_1m,dem_3dep_1m/landslides/compilation_13049.tif,25555,326765a6eed8cfd874d37774747515f7e8e6785233d25f09b6d81d144f13f5b3
dem_3dep_1m,dem_3dep_1m/landslides/compilation_13050.tif,34823,9ca7f15fccbe4a4867a7bd102b6c84196d4a1c67916bc80d0359865ad6bc2ced
dem_3dep_1m,dem_3dep_1m/landslides/compilation_13051.tif,18093,700b3af5a16c8ce638011cb353564e41dbf83a89fe9096348723e9501755d901
dem_3dep_1m,dem_3dep_1m/landslides/compilation_13053.tif,28003,a9c2f7ed0e947e814e9a80bca5ed0cf2360fc7d3815340d31eaf4f96a8f3d491
dem_3dep_1m,dem_3dep_1m/landslides/compilation_13055.tif,51700,f5c230b613bb7e35a0a00a22381fb23e57ac503add72aa51fc47721fc8c31a17
dem_3dep_1m,dem_3dep_1m/landslides/compilation_13058.tif,17780,bf139c8eba7f5e4b495966dfe17e1184dfcb0be66057414d57ee97ab269195d1
dem_3dep_1m,dem_3dep_1m/landslides/compilation_13059.tif,44809,24ed872592ce55db88f3c669c9f64d7a106745bf0419fca984fb50a08491a784
dem_3dep_1m,dem_3dep_1m/landslides/compilation_13060.tif,41340,8e145a4db89b71f58c984b4c397a194114bdb867420639b83f25488deace0c5b
dem_3dep_1m,dem_3dep_1m/landslides/compilation_13061.tif,11201,0a1c7dfb498b49ae351c7b0110596d8881a5645fdfb1ce059b5b8260ac813d31
dem_3dep_1m,dem_3dep_1m/landslides/compilation_13062.tif,27987,8bcdcd42f359d7bbb56e2c517ca33756ae1803979d3a1df9b3e4cd9ee16c9281
dem_3dep_1m,dem_3dep_1m/landslides/compilation_13063.tif,13461,c5e72e0521877a23317439883111593abf4c1b84473c7396e86a769911123d72
dem_3dep_1m,dem_3dep_1m/landslides/compilation_13074.tif,97723,c413df63dd331f07eb514cb6b1fa48842c9b3f7c8c7eb1a0ddedac1a6c8b301e
dem_3dep_1m,dem_3dep_1m/landslides/compilation_13076.tif,17853,aeca28d4a6df0363ed510d71a491199b11a813ac587e450ca2c765747e5ff1c7
dem_3dep_1m,dem_3dep_1m/landslides/compilation_13077.tif,23434,646aa3c2ab1c81bfd4f1b7217f32b12d8e5d57a7de55ad9fea18d627eca0c75d
dem_3dep_1m,dem_3dep_1m/landslides/compilation_13083.tif,36961,e830ca32fe1ede9adecef4a9d1691df46a21b3449554b6daee381c9a8223457b
dem_3dep_1m,dem_3dep_1m/landslides/compilation_13089.tif,14961,8b13e762929c307aaf721274e965609e1104c44102eb654af0dce5db9152731f
dem_3dep_1m,dem_3dep_1m/landslides/compilation_13090.tif,11314,e7e80701dc14d496a261bcd9e779f23be2510f37ea108c5ed0ec4e2a10c92af8
dem_3dep_1m,dem_3dep_1m/landslides/compilation_13091.tif,12257,3f2c985877c4198b2732247df9dfbe60364bd6a404aac8c5d7c42af06a4e2fc2
dem_3dep_1m,dem_3dep_1m/landslides/compilation_13092.tif,28984,751345d0dba37004a8be6155fc64a2ad3cd92b5dd4c846ca1299fa0fd0facb6a
dem_3dep_1m,dem_3dep_1m/landslides/compilation_13093.tif,37922,bf4faec0683bae07981336f13525ba90c285608dff9b437ecfb9e3a1f616ffb0
dem_3dep_1m,dem_3dep_1m/landslides/compilation_13094.tif,39807,f68d11ca7ad2ee8b22911be3884f7374dc3c3312b1a21824483294a23cc827e4
dem_3dep_1m,dem_3dep_1m/landslides/compilation_13096.tif,64566,5d695aa44c262cf50bd7d05fb1293548ef92a6ce539a90e3511508a860fd3086
dem_3dep_1m,dem_3dep_1m/landslides/compilation_13097.tif,66676,71266b35b5e654add9272c947bd839a2164f9bcdc0d44dcfd00478c722ac4729
dem_3dep_1m,dem_3dep_1m/landslides/compilation_13098.tif,28928,75d73b3e3a9cc223931a1ac575d09723add979097641379bec6f2d0e84192d21
dem_3dep_1m,dem_3dep_1m/landslides/compilation_13099.tif,16456,ed26aa34cc95a699372859c1fe86cc533de47deb9c9fbaa72badb6028ab74731
dem_3dep_1m,dem_3dep_1m/landslides/compilation_13107.tif,1039545,f8f1cb18de3332eda45ac89ba1f3093cb3458653d0169eb9f3e7c93f163e986e
dem_3dep_1m,dem_3dep_1m/landslides/compilation_13235.tif,60477,80eeb32b28645bba03c611560cf6062db75d0930f0d723d907c96023f418feb5
dem_3dep_1m,dem_3dep_1m/landslides/compilation_1324.tif,1034199,5677fb636e0310a4b7098d885a6bea5854c03acd682fe13654c6dfb694d6bc0a
dem_3dep_1m,dem_3dep_1m/landslides/compilation_1347.tif,951180,cd656ccc1aac4d34622d95218e99bdf89ee48c8d4bf6c7df1c8675cf6e0b9617
dem_3dep_1m,dem_3dep_1m/landslides/compilation_13517.tif,19718,683782648c512c646e70bc8e7571b3520446cbfe7ef084972c4c20e059df12da
dem_3dep_1m,dem_3dep_1m/landslides/compilation_13519.tif,36683,02dcac611630336535dfca8d15577067cb5ac3bdada3e64621b556bcff1660b8
dem_3dep_1m,dem_3dep_1m/landslides/compilation_13521.tif,44451,a71c4da5683859d61cc67e83cbb31f9d630f331508c3e96d75eb85c466896dfa
dem_3dep_1m,dem_3dep_1m/landslides/compilation_13522.tif,26805,8bbc308115a2124b201a053aac6fffff62c4a14275c58406e7b68eb8a0fce8c8
dem_3dep_1m,dem_3dep_1m/landslides/compilation_13525.tif,79287,5bf12e42004fe0c7af6ad27165037defdc0832aff8ed4d27640c0dea57d44b9b
dem_3dep_1m,dem_3dep_1m/landslides/compilation_13526.tif,22264,322678f618ef9945448556156dd10767b66fba41e50c0e6393bb59bd155197a9
dem_3dep_1m,dem_3dep_1m/landslides/compilation_13528.tif,13466,d8790841b9240a40fad4a7d9f424c8fd905ebf25fbaa5283314992e252b0018b
dem_3dep_1m,dem_3dep_1m/landslides/compilation_13529.tif,13024,bc1f6424081cbb3711f26438751bfcf8b2b67de32280fc70cd8b6a0873f7a5e9
dem_3dep_1m,dem_3dep_1m/landslides/compilation_13531.tif,94576,491107c7f9d3d150e681f36959908c165791ff10f4b269d48f716928239b9b9f
dem_3dep_1m,dem_3dep_1m/landslides/compilation_13532.tif,97381,23793c31b70aa3ef145f30ba4b7e1d4bdce4df1f338a0697a44b712ea607f888
dem_3dep_1m,dem_3dep_1m/landslides/compilation_13534.tif,26712,16252b1477cafd8fcf256cb01103558f6228b07a7ff10fee9c2badeab5f99ef8
dem_3dep_1m,dem_3dep_1m/landslides/compilation_13535.tif,20308,82a4dfe020b46bbf01543f19f89eababa509ce2c0cc03bd10689b3a6827507ec
dem_3dep_1m,dem_3dep_1m/landslides/compilation_13536.tif,30773,925ab242367f449c4165fd985f14e72b68f427ff7c1943590113d1c0668c69b5
dem_3dep_1m,dem_3dep_1m/landslides/compilation_13537.tif,31401,ac7ca017eb01fea05ecd1e65c068da892ebade81c6b8cff3d9d1e81502d488d7
dem_3dep_1m,dem_3dep_1m/landslides/compilation_13538.tif,27939,2ccb18fc94bf8cdb69b49e677059b07a8eabe448b7de74df8f0812d63d662323
dem_3dep_1m,dem_3dep_1m/landslides/compilation_13540.tif,27812,2f2494f99bac461c5ed10c590b015d6292ad2974290c6935841124ded7747f7c
dem_3dep_1m,dem_3dep_1m/landslides/compilation_13542.tif,31885,e35510e8d012e163aefd1a93689acc2093e8608ab83c6dca25a2362ef7cf2d39
dem_3dep_1m,dem_3dep_1m/landslides/compilation_13544.tif,19745,f33fd98fdeb6716b765d4a45e5dc307e842e08e81e3c21defdb28a72689eae8e
dem_3dep_1m,dem_3dep_1m/landslides/compilation_13556.tif,45288,b04eedbf7dd7b53cbea6c593eab1ea466b36b9d3c2c8c5f41e9edce0cb7245ce
dem_3dep_1m,dem_3dep_1m/landslides/compilation_13561.tif,35578,c873dfc2a561d39298e9c7b2fcfe6b9c40a6e374600ddd0b5d28b942ba116501
dem_3dep_1m,dem_3dep_1m/landslides/compilation_1398.tif,3276995,92871f0c50956afbcddf1c09519ecb2ebf65f196b42c393e574f2360c6f0e406
dem_3dep_1m,dem_3dep_1m/landslides/compilation_14.tif,106280,aec12e34f902c531ca1966c50989b4a6c6a711d9c51ab7dd5b2195d050d4a78b
dem_3dep_1m,dem_3dep_1m/landslides/compilation_140.tif,2123313,392107656ac3665922002e817486475cf50ea4b35f8a2969251a235064250058
dem_3dep_1m,dem_3dep_1m/landslides/compilation_1400.tif,112944,cd5eae4ffeba78ee8c672300c963ccc4a478cf72c4ff2aec0b5f9092993919cf
dem_3dep_1m,dem_3dep_1m/landslides/compilation_14046.tif,32501,95bc9505473f19388f8ca397adbee4eb6d26d2f5f4fdef4f415ba3ab07ef173e
dem_3dep_1m,dem_3dep_1m/landslides/compilation_14047.tif,22378,629f34f782d770ae9ca2b69e7d9de0dee456c7e4665b7c4a57b42aec3d6374d5
dem_3dep_1m,dem_3dep_1m/landslides/compilation_14048.tif,16406,7ff9da8eedbfa09e6a62cba0985d3603ada97b9f8ee9cbfef434b97f2a3f5c2b
dem_3dep_1m,dem_3dep_1m/landslides/compilation_14049.tif,34846,0b3af5ca4fc12597ada8edc2c56f864022d3c360413321b4aa61e52d001cdd3e
dem_3dep_1m,dem_3dep_1m/landslides/compilation_14050.tif,22015,5010297a5a9278b2af7ced4e7c0f52a8994ff8e3598368c27536c2cf37cbf388
dem_3dep_1m,dem_3dep_1m/landslides/compilation_14051.tif,21117,ed876c38c15094d505b8a05091d5257cc0f955b5e3d96b937cadb833011a5130
dem_3dep_1m,dem_3dep_1m/landslides/compilation_14052.tif,17534,be419690ba3465afd8e21b36741c9701af70ad1d5ad2441d1e5487d68f2f267c
dem_3dep_1m,dem_3dep_1m/landslides/compilation_14054.tif,15214,0020b7077e8119f594b11f2ca6cc773ba695f7de9fcaff1015eabc8de9a53b76
dem_3dep_1m,dem_3dep_1m/landslides/compilation_14055.tif,17866,fde8831a5399845f52e6c7106db4410fbca3d4edddff2eb2f5804e89eceba95c
dem_3dep_1m,dem_3dep_1m/landslides/compilation_14056.tif,11679,01fb625e21fa1061fb427815bbfad4ce6183b5b8834e2fbb31dc52e44cd570aa
dem_3dep_1m,dem_3dep_1m/landslides/compilation_14057.tif,18874,000ad59e2802228c9ae5c4e1e56b6e4677af67708d9b365e80c97c478f58a6b7
dem_3dep_1m,dem_3dep_1m/landslides/compilation_14058.tif,31321,a3e1bc0b1958ea2ec8b861a7329d9039a6009df3d3e3680969efe2772c3fb3b3
dem_3dep_1m,dem_3dep_1m/landslides/compilation_14059.tif,24451,8550b505521362502b7994fb52a9344a5d3b16cfe24e2e0696f2311caeb66215
dem_3dep_1m,dem_3dep_1m/landslides/compilation_14060.tif,29240,80214be6eb5f5fcebbdad21d44e0d435614e8799259a61b596e621b1c767d4f5
dem_3dep_1m,dem_3dep_1m/landslides/compilation_14061.tif,28517,57e6f5ba3fa1f50e4212b6ad0544e74e1c95aea9acbb736d9cf89a97b053036b
dem_3dep_1m,dem_3dep_1m/landslides/compilation_14062.tif,28246,91092a37a9bb27b2415d9189c037af10df6aca621c50f5209ae062dc63c2d2c3
dem_3dep_1m,dem_3dep_1m/landslides/compilation_14063.tif,29781,63f2c2887a8f3f05200cb825e1b3c931c9f3ec50927f073a97946207478ce515
dem_3dep_1m,dem_3dep_1m/landslides/compilation_14064.tif,56520,278e87756d36f75f77747b9509c3d74cf9c8f2c728ec76a4e0b072be31a2aced
dem_3dep_1m,dem_3dep_1m/landslides/compilation_14066.tif,29302,1942a2a8da20d51f483d10945e75fdad6005eebfdf52738e1beed2bacd69a4d5
dem_3dep_1m,dem_3dep_1m/landslides/compilation_14068.tif,146748,30a101552225df76f1ed5a30487c140e73b5e5552c327d40e36ad7b3e8ab729a
dem_3dep_1m,dem_3dep_1m/landslides/compilation_14070.tif,293878,dac80ff947c0e6dbc9581c8a5710d9d35f2a70a4deec7ac7ce851b7ac3fd5ebd
dem_3dep_1m,dem_3dep_1m/landslides/compilation_14071.tif,28093,1bc9d09646c58e85725d0dc0321f23f2e29c60b521ef40d118bda3881cb1c663
dem_3dep_1m,dem_3dep_1m/landslides/compilation_14072.tif,75982,670bd06c72360105c61e0e9e38093fa0907645468a5755b1a03851a987482448
dem_3dep_1m,dem_3dep_1m/landslides/compilation_14074.tif,12587,ec09853b421d64ba497e42699c62ac351962273cd730ee3a92d6ce39184ffaab
dem_3dep_1m,dem_3dep_1m/landslides/compilation_14075.tif,55956,2406be8a567beb8fa4df1c4bce5e43fe45d1964e0ddae262946ed7e4f9ea04f3
dem_3dep_1m,dem_3dep_1m/landslides/compilation_14087.tif,229310,2f06d5316af630e401caf8112d305c5952494ee87c28fca9ca05e6199bb82e35
dem_3dep_1m,dem_3dep_1m/landslides/compilation_14089.tif,26912,334caa987c5c2409f14903462949816c43a60f31d13aa04d9b6c468489bb4e2b
dem_3dep_1m,dem_3dep_1m/landslides/compilation_1423.tif,1552141,7d41c48152cd07c9ec8d07500c0e8be06aa9c59f58310e983aff6e90096924be
dem_3dep_1m,dem_3dep_1m/landslides/compilation_1425.tif,303153,c4f746555453ead57dacf43eac791f6bf2102d3a716965bc2201ebfd9d7c2e65
dem_3dep_1m,dem_3dep_1m/landslides/compilation_1426.tif,831314,91c6d05b388413676b5879cac72f998031d737bf57860305295f8e3768b7f2da
dem_3dep_1m,dem_3dep_1m/landslides/compilation_14417.tif,26390,cbc155447273cd27e4879099ef6a73b861ff6354b4e971d5432cb27a685a3198
dem_3dep_1m,dem_3dep_1m/landslides/compilation_14419.tif,18522,53fd9f945cb3a11f891ce5c0d6322d5ff27ec5ab811be5065e6689cf8485cfb7
dem_3dep_1m,dem_3dep_1m/landslides/compilation_14420.tif,4916629,4c62a1a305445c086bde8cc1f6931d0a02cc548b649b73dd2657c7f3f3ab1be9
dem_3dep_1m,dem_3dep_1m/landslides/compilation_14421.tif,27974,77415693c4ce03fff02ef926f7d0b7df192ceb4aacf03ecab1abb8f3c07d6a63
dem_3dep_1m,dem_3dep_1m/landslides/compilation_14423.tif,17109,21d2a9113de84262ac15e1b7291a2d0d18ea0c1722ecb33c58eef6be68652747
dem_3dep_1m,dem_3dep_1m/landslides/compilation_14424.tif,24739,32e89c6ac55fde53eafe51890e5f4d112fe88fde53df7d3773697dc7c221814d
dem_3dep_1m,dem_3dep_1m/landslides/compilation_14427.tif,11623,3750e51c5c316eaa274c828398970b40871efd8766a2b6f34dada0be9c8d506d
dem_3dep_1m,dem_3dep_1m/landslides/compilation_14428.tif,18220,68dee7774209b4d5f75d7e37434523e5ec103e52e497eb06224a6276eb3a49a1
dem_3dep_1m,dem_3dep_1m/landslides/compilation_14431.tif,33505,74b6c64c75ceb1e4728a54668293f0359b0f332d690a20d657268ea3daf3d455
dem_3dep_1m,dem_3dep_1m/landslides/compilation_14432.tif,571366,dde0c0347c29764ec1c0c7b7b95e38cd14649e52da8c07c4aad1f73945ea5d7e
dem_3dep_1m,dem_3dep_1m/landslides/compilation_14434.tif,15451,52a2f37f910f84d4ed09fe5cb2b9b0b82fdb677d4252c5f2b2d11696312e4794
dem_3dep_1m,dem_3dep_1m/landslides/compilation_14435.tif,17397,de4f870c525643382b1240907f6e66b020226b4fe1b8f2a929eab374d170930f
dem_3dep_1m,dem_3dep_1m/landslides/compilation_14436.tif,209123,0b2b78ffc96057c6b9da32e4ac27eb7de1d6829ce00ffa85aa040b48bce8122e
dem_3dep_1m,dem_3dep_1m/landslides/compilation_14437.tif,18619,5af8a3d424574fff4fb02223bc2c0dc430f106fbb449457d29b02fd8647be63f
dem_3dep_1m,dem_3dep_1m/landslides/compilation_14438.tif,62985,e2d1ff2b67ef66e148c450223b0b7f49e32fa094d953ff62e95297cd7f96b612
dem_3dep_1m,dem_3dep_1m/landslides/compilation_14439.tif,25846,5922d554b1ee5116becf1feb0259b57318e7241b603de43c98ff06eb5af114b4
dem_3dep_1m,dem_3dep_1m/landslides/compilation_14440.tif,23398,5d22373af7c7015202290c019c6b073379d143de26e14a9d02d6711ec0ecb1ba
dem_3dep_1m,dem_3dep_1m/landslides/compilation_14441.tif,69952,d1798b6854ffbba5bfbf8f2d57ce008104d214a5cdaf84c41c45105d2ed49cc7
dem_3dep_1m,dem_3dep_1m/landslides/compilation_14443.tif,27111,4adf40805a69a4de32c52e2b38bf83f602ef8b68edca6cf67300744754e1fe7b
dem_3dep_1m,dem_3dep_1m/landslides/compilation_1458.tif,991660,4403faeb848f1d62b0f592b372e1dba24608c5ab1cf5e8b0fca283185a3ce12b
dem_3dep_1m,dem_3dep_1m/landslides/compilation_1460.tif,600710,93140536417a40b58c2622fad52b4c7a09477b4e9877ea54c4d73377d7f26eaa
dem_3dep_1m,dem_3dep_1m/landslides/compilation_14630.tif,16012,7248ed04a9de0481ddec91572459cf3a1a6d7f9176ed50ef4837506fc4ada3f6
dem_3dep_1m,dem_3dep_1m/landslides/compilation_14631.tif,27472,1028475ad3b702e09bd144bd67bfeeb5b9525255b30dd0bdeddcce6ef2802744
dem_3dep_1m,dem_3dep_1m/landslides/compilation_14632.tif,22414,e8be72876ee82bc3b4301b544005c6ecc6681f0fe541ae4f94d6c9cb4d86bcda
dem_3dep_1m,dem_3dep_1m/landslides/compilation_14633.tif,22470,7959d642db6eef48aae3a00e14e9f3a9b70fd735e659aee613e20c4dd7d834bc
dem_3dep_1m,dem_3dep_1m/landslides/compilation_14637.tif,62862,1c216f50e91eefac3f9fb08dc54ae40b3ed2a4b310bcf1532fc5e5145ea0a96e
dem_3dep_1m,dem_3dep_1m/landslides/compilation_14638.tif,73663,8881b884d2a33f25a7c26a40115b55b96ccdf88e26a4aafb5c3a2b901dfe1952
dem_3dep_1m,dem_3dep_1m/landslides/compilation_14640.tif,23660,5cbdacef7fd5615ed963bb957cabc30eec8454ca0b3c5967e6b85b872feda5d8
dem_3dep_1m,dem_3dep_1m/landslides/compilation_14641.tif,13721,06fa8d3538c688aef5b0f8e268b3a49294e9bd413d50d8e386c91ebddc23d2f2
dem_3dep_1m,dem_3dep_1m/landslides/compilation_14642.tif,10457,fdbb118fad70d09d8887642b6ab916bba7be285c4a0d84334f9ee7f725ccfcc1
dem_3dep_1m,dem_3dep_1m/landslides/compilation_14644.tif,38290,c0f02834ac544828d5fe8448f096bbc08235babc2602a509d7355c8c3f807d0c
dem_3dep_1m,dem_3dep_1m/landslides/compilation_14645.tif,377656,ab3383a49c1fb378be34a01985cc61a9658865b2ecf6f9d2b93ffdd79e59a14a
dem_3dep_1m,dem_3dep_1m/landslides/compilation_14761.tif,16879,1ef15ff7e3538ada6f0cd213e3357f7682b511abc538ec400ee6099acd358f95
dem_3dep_1m,dem_3dep_1m/landslides/compilation_14762.tif,22224,4bcf849f5a8b29975f633ce2380ab50d64c90d79706d1477561ce3709b411e65
dem_3dep_1m,dem_3dep_1m/landslides/compilation_14763.tif,30426,b8a2d630021a94cf32f00acbcb67bedb3056cdddb1a9d7e851d4c1ed51438e43
dem_3dep_1m,dem_3dep_1m/landslides/compilation_14764.tif,27437,f7d4b761524bde0423b96bcd1e585ca702a0ba648388640e11465cf33c4697a5
dem_3dep_1m,dem_3dep_1m/landslides/compilation_14765.tif,14919,0e89f10bc7121ce3eab6973decd7fda518f0ae8ba3ed8ebb6189f2b16d5a1776
dem_3dep_1m,dem_3dep_1m/landslides/compilation_14766.tif,19740,378ec2307e4244bd41153807d5bffef72726253d88caebc7518ad95a3fcbdde9
dem_3dep_1m,dem_3dep_1m/landslides/compilation_14767.tif,24915,9825b39723bf7c9eab3d166c9c52b5a67ae63ade1c09cadb6d36e4adfeeecfa0
dem_3dep_1m,dem_3dep_1m/landslides/compilation_14768.tif,50142,1b662920561a798aa1d4c211ce92d3c6a033fad5dd7f0a2f6c22c8abf0c655c3
dem_3dep_1m,dem_3dep_1m/landslides/compilation_14769.tif,17956,f4771f305117cf68356a4575ec7a07cf3f90ae2a6b3d383f4c1ed24a053ff52b
dem_3dep_1m,dem_3dep_1m/landslides/compilation_14770.tif,18690,d633609dc9b8ed08d6612d5971d4d597faf3ee80bfe0577f4089e6ac769bf40c
dem_3dep_1m,dem_3dep_1m/landslides/compilation_14786.tif,329107,5fb67fdb4360ad56932dff39b6a57edff0f9a0aa75307b605059471892a6e78a
dem_3dep_1m,dem_3dep_1m/landslides/compilation_14801.tif,4737227,bdf26a09748b651a1af69bfc583bc32b09db7d3d1bd40dbbf3f768add4e39e63
dem_3dep_1m,dem_3dep_1m/landslides/compilation_1494.tif,818200,0cc78e90d8d6d222ea1b836f1fc54d0d23ca37c7c6221f0049e87387b03655a8
dem_3dep_1m,dem_3dep_1m/landslides/compilation_1496.tif,27917148,dfa88fdf651383533c5de8f82303e811646250ac8fe412c3e84831df606e0f15
dem_3dep_1m,dem_3dep_1m/landslides/compilation_15077.tif,13075,d41da57be9bffb7e0137049de028c7a4f86c0c3b51639520578746db586745a0
dem_3dep_1m,dem_3dep_1m/landslides/compilation_15078.tif,24769,961df85d70b93458547c515f95b6d8588f806e6cf1c7bfc4853d465613de4ded
dem_3dep_1m,dem_3dep_1m/landslides/compilation_15079.tif,26064,21eab4e7c5b3fa877ac5e9eb7c2eede643df4b960b89eb7c2fceeb062758d0f1
dem_3dep_1m,dem_3dep_1m/landslides/compilation_15080.tif,32287,2fb66ca300289b7d6bb786ddf1faffe1cfa121048f69585da18f94fb8b34c86e
dem_3dep_1m,dem_3dep_1m/landslides/compilation_15081.tif,48035,d5459720a19b55495cb7c3070f66c0cc6dafafdf5a68c8208ffbeb6c2f9fedf8
dem_3dep_1m,dem_3dep_1m/landslides/compilation_15082.tif,26319,8062c527b355a18e9884800cba56727f0933e58ddf732d0d642395aa9e063970
dem_3dep_1m,dem_3dep_1m/landslides/compilation_15084.tif,11761,aa495ae96eac963538956d35c09bf3404e123bc9f038d66cd02e003430a6f7bc
dem_3dep_1m,dem_3dep_1m/landslides/compilation_15086.tif,19550,2ba176ed47f3c728d479271d107f17390b1f4371702ac2929d762b7d702fbf72
dem_3dep_1m,dem_3dep_1m/landslides/compilation_15087.tif,23875,fe58c831bf4de58359f3f1ace5cab212cc1266bc1d7de0f9d63ef78a0dcc08e1
dem_3dep_1m,dem_3dep_1m/landslides/compilation_15088.tif,18565,24b0e7130d315323031782515d02239c3c162dedf47f2ba45eccd72daf279ed5
dem_3dep_1m,dem_3dep_1m/landslides/compilation_15091.tif,18572,555e45c8ee3c2bf800a123b66972df771cb635aac563b18fc1076c14ba17af9f
dem_3dep_1m,dem_3dep_1m/landslides/compilation_15092.tif,20841,078cfd7a5bc1af9bcc8f08273f9d2a2139644f2a7c15fbe0e81f5bcecaa3c482
dem_3dep_1m,dem_3dep_1m/landslides/compilation_15093.tif,35161,4c753ff415cbb9f5f0c5205c6f45f7544b47c5035d7686f8d2ce82eb08a1444f
dem_3dep_1m,dem_3dep_1m/landslides/compilation_15094.tif,29993,0a062b5702ce83d14090e24b6ea894c16ba2743be887c76132bb16c20ec34cb8
dem_3dep_1m,dem_3dep_1m/landslides/compilation_15097.tif,31748,be801fdb903242d6eaebd7b211ec07888d9e9ee0e664f0a20d3f6486c2fc3f71
dem_3dep_1m,dem_3dep_1m/landslides/compilation_15098.tif,39391,d5d4591f4c3bbbf08aa71a14ee76600b9919d683b5616e16946ae98f33ff88d9
dem_3dep_1m,dem_3dep_1m/landslides/compilation_15099.tif,26631,f5a973dea6e97ccb7cec2b5f1b9dd6b8a5f19884aa90cd8fc90a14f60d457ae6
dem_3dep_1m,dem_3dep_1m/landslides/compilation_15102.tif,39588,beacd0c9dd79d8e97c8223aa3812eff2741569a4a51f7cbfeb4dfba8f68613d8
dem_3dep_1m,dem_3dep_1m/landslides/compilation_15103.tif,11374,1638dc08da0884f2173e2b8bbf93722d0c0833ec40ac3e00c41350b9417abc15
dem_3dep_1m,dem_3dep_1m/landslides/compilation_152.tif,415210,98a0474c13a1128e17075cb90015fdb14f32ac139bd17c151fb2013d8c1448a9
dem_3dep_1m,dem_3dep_1m/landslides/compilation_15398.tif,14259,7ccea9d387c6166ef73c383cd8100fc0679402845f786dc993d4f9741ba12987
dem_3dep_1m,dem_3dep_1m/landslides/compilation_15399.tif,15682,0a7350f8cc69bd155eb6603065ccf6ff1b01434405510bc0b4c401b14117410b
dem_3dep_1m,dem_3dep_1m/landslides/compilation_15400.tif,20484,3614d23619877d0b7f5af6f2c85f007ab0b33ed2875d8490e940b81923f9fc6e
dem_3dep_1m,dem_3dep_1m/landslides/compilation_15401.tif,38686,324343f3e95f3715d57268ff32cf4eb05510048dcb6eafd922848dedcb8dab9b
dem_3dep_1m,dem_3dep_1m/landslides/compilation_15403.tif,18944,a6c9a64f90efb2ea96e274e4ae6b4e6702431988b906decc9e65bacf12b135fb
dem_3dep_1m,dem_3dep_1m/landslides/compilation_15404.tif,19792,5c1595226a75f918a4d87f02a6087fc2bf35033e5f9a78498d8c9712e8d1dc71
dem_3dep_1m,dem_3dep_1m/landslides/compilation_15406.tif,41687,efa23a39ae42e6c005f84c2b3f2df21e9a8922046374db809f8f24948ad62ac7
dem_3dep_1m,dem_3dep_1m/landslides/compilation_15407.tif,31718,757ddae7da9d2ba8f3ffe932c39d7857fafc4390009272dc8f7661484cb51b13
dem_3dep_1m,dem_3dep_1m/landslides/compilation_15409.tif,17771,f9d637a49f040a5d6457a8e5aafd1a4dd694eca7bf59d72ba8d6112485276e1e
dem_3dep_1m,dem_3dep_1m/landslides/compilation_15410.tif,14993,95b1b759662a3167fbb69984ad2bcea58c218158dfa97de9020391e20877c9cf
dem_3dep_1m,dem_3dep_1m/landslides/compilation_15411.tif,39600,4d9f69e3a1162c4f866198322afda79cc7040a425f459da2e7f0c6991fb466ae
dem_3dep_1m,dem_3dep_1m/landslides/compilation_15413.tif,38017,687e285e89bd1daa15f4c043a84aa8a023eaf6dbb0e19667c3145694ad64dd71
dem_3dep_1m,dem_3dep_1m/landslides/compilation_15414.tif,36365,8b20e211a7b3d35d6c4ffc11723e9213bc2f7b55708fefd767a15386ab77285e
dem_3dep_1m,dem_3dep_1m/landslides/compilation_15415.tif,14829,9cf51839b7d75f2a3e0ec01e5aa79318e01a6892970528b3fb91537befd76c82
dem_3dep_1m,dem_3dep_1m/landslides/compilation_15416.tif,20898,b142d7db5162373d63b6eacfb6e1ebd6cf6777756f72a40caf4134fb48f29b45
dem_3dep_1m,dem_3dep_1m/landslides/compilation_15417.tif,29738,bf5a84207eefaf1117f049c45b02e38803692a39955cb700ce73d2b4449076a3
dem_3dep_1m,dem_3dep_1m/landslides/compilation_15418.tif,99893,f47a9fa93449d78ea26c729f5bf204b73ae5940ea2c819b87ee365a3299a7a48
dem_3dep_1m,dem_3dep_1m/landslides/compilation_15419.tif,103117,65a58c0f6ec1aeac389afc17b965891c4959bbf5f49d70702fd1669dbf2a27a2
dem_3dep_1m,dem_3dep_1m/landslides/compilation_15420.tif,25943,bcfdb669ce8ebb3fe79fa8472b0af5c7057f61b54206df7092fb767f88a215ed
dem_3dep_1m,dem_3dep_1m/landslides/compilation_15421.tif,35332,9e7039c684399f4e4fe7fe37bb9257d0e2684160474409b394d50a4baa12b400
dem_3dep_1m,dem_3dep_1m/landslides/compilation_15422.tif,30567,785dad5bc45c5fb1dd13b928b2128ff722bbcec5e7f073d83886f11375470786
dem_3dep_1m,dem_3dep_1m/landslides/compilation_15423.tif,24694,3adb74ee89d4169a0786ad06885297db7064e6bf43f528913f5d5b94329841aa
dem_3dep_1m,dem_3dep_1m/landslides/compilation_15424.tif,10197,0c61c1780d292ca4f5d47151f7ff33a2cfe22bf0855e538948e935a1367e9329
dem_3dep_1m,dem_3dep_1m/landslides/compilation_15431.tif,403805,6c55ac6e32675b3d0d93acbd63c67d3cbb485d2d0b66575ff55e9fb21717735b
dem_3dep_1m,dem_3dep_1m/landslides/compilation_15435.tif,44268,0a15f42b7b155d192f761b4d7f3eac3c2ecce96f4896cf7cd925ab3996853ee9
dem_3dep_1m,dem_3dep_1m/landslides/compilation_15440.tif,127148,df48ace59fda4f3d438ee0a60d83b9687d1192b76dd4e0ce76603c5e8525f295
dem_3dep_1m,dem_3dep_1m/landslides/compilation_1553.tif,213111,8463ca981970eb6146fe5421da3e6fe422639c4c615aaa73945bd0e656fa1a15
dem_3dep_1m,dem_3dep_1m/landslides/compilation_15746.tif,20132,ec0fdeebbb7a068f8117d132981099dc7e920076f025e84f8ecff8359d6c42b6
dem_3dep_1m,dem_3dep_1m/landslides/compilation_15747.tif,203891,db81eca9d5c0aadabcfb1f5d9d51c540b894972c6427cc8033f0e3894383fff1
dem_3dep_1m,dem_3dep_1m/landslides/compilation_15748.tif,12367,7474613637a8a9ce1c1450bf5d4fa52870cb5d74ec9289699c19ddcb94b01a0b
dem_3dep_1m,dem_3dep_1m/landslides/compilation_15749.tif,13245,567d5dccea45916b64ec9d06a5477aa3f364a10511dfdd3168e87dd12c6f0be6
dem_3dep_1m,dem_3dep_1m/landslides/compilation_15750.tif,30462,2f1ef86ba9c36fa69504ff00010ddf873eb427787e612d939fc6b6b617a17608
dem_3dep_1m,dem_3dep_1m/landslides/compilation_15753.tif,12828,f8e2adb00ba2c90ac05d2c021ab1ff50fc73b8b0fb504aab0bb02052d50d5a53
dem_3dep_1m,dem_3dep_1m/landslides/compilation_15754.tif,17083,3ce156ee10efa3bfa65043d34dc9e3e29651bcfb6bf0ce872991bd0dfcdba2e4
dem_3dep_1m,dem_3dep_1m/landslides/compilation_15755.tif,29007,a3dc88ab614a9ad356f1374c9cef09e5ff28f4c89c09810446ca7bcc3a10229b
dem_3dep_1m,dem_3dep_1m/landslides/compilation_15759.tif,27270,3753c5c9665c80a0a44156d19370e64dac05048988fdcf88badfcaf681780fcc
dem_3dep_1m,dem_3dep_1m/landslides/compilation_15761.tif,31685,589de78acdb9bc934fb775f2b7f358c49d466cdac3696fa57f2c52e46c574ded
dem_3dep_1m,dem_3dep_1m/landslides/compilation_15762.tif,28064,f8c21ebaa0cc13d415a34b6999472467ad472c2b127161573d58260f01b8ad0a
dem_3dep_1m,dem_3dep_1m/landslides/compilation_15763.tif,38180,260934e94b924df3e946d7123862eec6ee9500c0c1c5426bc02a2c8b63e52d95
dem_3dep_1m,dem_3dep_1m/landslides/compilation_15764.tif,34570,6de2598880dfd0d53895a12bc3cc71492fa2a4677ab422ea5e1e1f2a72bb660c
dem_3dep_1m,dem_3dep_1m/landslides/compilation_15766.tif,33978,7f81514136bf00004de1c812768bc22d720afef09c1ef42e0e2a6e705871d64c
dem_3dep_1m,dem_3dep_1m/landslides/compilation_15767.tif,22332,eaa70349cb843dc8ac7aff7286146745a73b401dd3b7356ff67cfa5328357e8a
dem_3dep_1m,dem_3dep_1m/landslides/compilation_15768.tif,234335,63a949298d689a50c934528dc3ed5c0c0732ef4da5da28dd745b9cadcc457522
dem_3dep_1m,dem_3dep_1m/landslides/compilation_15770.tif,24160,35ae9ab2c49355da64415527ff1534763d270384927ffde1bec467fb475133c6
dem_3dep_1m,dem_3dep_1m/landslides/compilation_15771.tif,17999,818352a1fa35dcec79a43def88fd42557ae5f8aa5c8ee5955f2ec66f1d559800
dem_3dep_1m,dem_3dep_1m/landslides/compilation_15772.tif,15567,ca581240c404258b9782eaa6df2261bbb2ccf1be4859790436b4729b24db5e57
dem_3dep_1m,dem_3dep_1m/landslides/compilation_15773.tif,29993,ecc768c00640c2ed8fb4e0d95ee8591c323137d2b6dfc8c5d70d6db182872991
dem_3dep_1m,dem_3dep_1m/landslides/compilation_15774.tif,24533,fa33945effc88b8edec6bbaefc533deced5b5b27a4ca9ef58714186b20500a9c
dem_3dep_1m,dem_3dep_1m/landslides/compilation_15791.tif,26318,3a59a2dae8dcae036b83a7fe89a5272256d41284164e6afb81907bd0500c5723
dem_3dep_1m,dem_3dep_1m/landslides/compilation_15793.tif,25770,bbee7b705a3555a3339ecfcd0476fe079d6f830aabff2e735c1ccc681af871ce
dem_3dep_1m,dem_3dep_1m/landslides/compilation_15794.tif,13573,ea52028a16e465c473c5211d18a40f58f8d61b8fde8e83a46d5e3a64eaffd9bc
dem_3dep_1m,dem_3dep_1m/landslides/compilation_15795.tif,30524,eddab0cf8d4ad83a09dd7302255045001aa60e9d3fe60e148731d2d902f3115f
dem_3dep_1m,dem_3dep_1m/landslides/compilation_15796.tif,32980,4094decde8fe870ad73a2ce27b22cfcf072c2c825238d9b1b2b66aba2419bff3
dem_3dep_1m,dem_3dep_1m/landslides/compilation_15799.tif,28721,504cd33d1f38f3ba8737595e8da817ee284a8a22dee9fd28160c2f71533b5eb2
dem_3dep_1m,dem_3dep_1m/landslides/compilation_15800.tif,20136,8d1a43bb265177202078e2351468d49652cb7ca13eeefcee0a6aa090e17ff958
dem_3dep_1m,dem_3dep_1m/landslides/compilation_15801.tif,26202,403c2e80943da345d5a27374377b5a3318012cb5f6703c78a201df4c05c2b976
dem_3dep_1m,dem_3dep_1m/landslides/compilation_15802.tif,27287,72d18cd80f022530d60c5607f34e803ac41c2f8e24a82ef4c035947acd100384
dem_3dep_1m,dem_3dep_1m/landslides/compilation_15803.tif,34480,7a0754eb679bfc9fd4a64ac335de2e2e5873267221f75f8928ef91ac68a120b4
dem_3dep_1m,dem_3dep_1m/landslides/compilation_15805.tif,34209,39aaefea377f863f75c9a098662467d55c7b07a904495f79115bc098439ada7e
dem_3dep_1m,dem_3dep_1m/landslides/compilation_15807.tif,204692,46ae02426bed8fdb38a10fce36ef76665e079896d3f4bdc1be684f83295d5839
dem_3dep_1m,dem_3dep_1m/landslides/compilation_15808.tif,38160,53fb1199ff82a1fc4a4f92add8165b96a6df3406a88528f372bb59e46fb6794d
dem_3dep_1m,dem_3dep_1m/landslides/compilation_15811.tif,22293,b6aed70025b60daca31c21061a98757cfa1c871b621dcd2f306f46cbe101a778
dem_3dep_1m,dem_3dep_1m/landslides/compilation_15813.tif,23140,4c79e0d49e00715855485a401ffa655003a2f912ea968a95f7d53006ed482095
dem_3dep_1m,dem_3dep_1m/landslides/compilation_15814.tif,17301,760619971a526a037f75a41a92ba76631de6e818417b41b90b0a3d36e622d75d
dem_3dep_1m,dem_3dep_1m/landslides/compilation_15815.tif,38543,0b6c2869c904da4907e3121275263d8008dcb00e8ae35f099e4cde7bee159386
dem_3dep_1m,dem_3dep_1m/landslides/compilation_15816.tif,16417,5367952dee9339fa0723c89554c5ad8a5949f470868280db1852da59a8f0318e
dem_3dep_1m,dem_3dep_1m/landslides/compilation_15819.tif,118018,db030f5e1b2d0e89a7b997044ab91eefb6eb82d65a9db3569d06aac5703cb24f
dem_3dep_1m,dem_3dep_1m/landslides/compilation_15820.tif,20476,634f25cff8a52a649778591cc981bc8f97ef00ad29da7e6579ac244b1285ca80
dem_3dep_1m,dem_3dep_1m/landslides/compilation_15821.tif,15088,2f318bb19c9b60e8d064c3214f3c087cacbaf1a30e0679a7c6167cd368c094ed
dem_3dep_1m,dem_3dep_1m/landslides/compilation_15822.tif,191560,c97623e85cbc1119e1ac22f2e39d53cde9ac64576d7b64e23abf523183f619a7
dem_3dep_1m,dem_3dep_1m/landslides/compilation_15823.tif,16469,0d72746c0f2ec66113d40f78e76f238fc98df06817148e6208c6eaa15ea674c9
dem_3dep_1m,dem_3dep_1m/landslides/compilation_15824.tif,14677,7fbe437ddcda4733049dd9a6e6497d7d697fcb4c05a82d6e8ec3cdca0a4b334c
dem_3dep_1m,dem_3dep_1m/landslides/compilation_15826.tif,13064,ba1b688415203cf715879528f61f698df70c52d8f88bd304f04689924f675c5d
dem_3dep_1m,dem_3dep_1m/landslides/compilation_15827.tif,23319,2b46f8dd1bd2eb90f24cd9456b41971a2b58b93a089a41cefdd3cf5741227eb1
dem_3dep_1m,dem_3dep_1m/landslides/compilation_15828.tif,27530,9d596add0a81621c9612ed1e67f7d2fee6b6f894af6c89a20c58f5625a8e2521
dem_3dep_1m,dem_3dep_1m/landslides/compilation_15830.tif,44527,340034301a2bed3de5e71907e4ac2d32618cbc39df154c7e3bfccf1e0b43c03c
dem_3dep_1m,dem_3dep_1m/landslides/compilation_15831.tif,24728,1d96f9036a245a19807ebb08dcbeb0900a815a41f5c85d79fdb599cbf1cf1a6b
dem_3dep_1m,dem_3dep_1m/landslides/compilation_15836.tif,32592,088f82ec0a9c26149fbf6c8092a099d2054c5a469b93c55c70c781248527e978
dem_3dep_1m,dem_3dep_1m/landslides/compilation_15838.tif,626115,10b6b0fb082555947b9bcdd80ddabd23e7b5fa56aca6a1c8ea825d06731545ef
dem_3dep_1m,dem_3dep_1m/landslides/compilation_1584.tif,262493,6a80921e08d498746b8268e44aa05862b6c245c5c2eb8b70562b415ccef61fde
dem_3dep_1m,dem_3dep_1m/landslides/compilation_15849.tif,33009,de7e38a717681c621cca0a33078dc7e45b022206b65cfbd57d1e54657ebf8ff7
dem_3dep_1m,dem_3dep_1m/landslides/compilation_1585.tif,193195,2f17b3d3b8c93aaa54c4986baad032e950073f065b845dee531ba2860092d525
dem_3dep_1m,dem_3dep_1m/landslides/compilation_1586.tif,199918,e8350f374830de065fd9d83648121aae8878ed175bfb8bae0547e9dc74b218cb
dem_3dep_1m,dem_3dep_1m/landslides/compilation_1592.tif,2977092,308dfe4f2039e988464af31890e4b17ec34898edb6972859cdd6f1183b538e7f
dem_3dep_1m,dem_3dep_1m/landslides/compilation_1593.tif,490227,51c343ec347cb27b2a003d55c43c37342d71ebc915beca2111c7bf350f07d5f3
dem_3dep_1m,dem_3dep_1m/landslides/compilation_15934.tif,1962865,798e56d91c6d0aefc884970509b8cd06438ec45264ffe47b848ed0b6560ec69b
dem_3dep_1m,dem_3dep_1m/landslides/compilation_1594.tif,8106282,4d03c7356c8de7a503305c9200231d99027ff593e8f8f658f2e309a161dd70ac
dem_3dep_1m,dem_3dep_1m/landslides/compilation_16242.tif,29266,4d60f15fd895c25ebcbcb357de1f72746f9c8b57c344b1e968fd0fb039c17a16
dem_3dep_1m,dem_3dep_1m/landslides/compilation_16245.tif,16288,b9930481ecf1774ac0d72f5558c5790672090da5376f3a6d4623446f5478ee49
dem_3dep_1m,dem_3dep_1m/landslides/compilation_16246.tif,47666,64e5e2380416c2c42372de7f1b68d665ec5f45edb153426f065bdd8abc3ecdf3
dem_3dep_1m,dem_3dep_1m/landslides/compilation_16247.tif,29242,fa1554a7e4bb1f8db0eeaf6783cc7a2748d44192ed7eb3724922d6693379d09f
dem_3dep_1m,dem_3dep_1m/landslides/compilation_16248.tif,17719,9a82737ea42b08f64992add470d1ca318ad046d009054edc4bc9c1a43303f175
dem_3dep_1m,dem_3dep_1m/landslides/compilation_16250.tif,64408,1086a7d53f1b6dfd7c52a24ba41be899b6b564213020440c5db7810b4335a7c6
dem_3dep_1m,dem_3dep_1m/landslides/compilation_16251.tif,15997,181ac8282b6a821ed8ebdd1698199d27ecc4308bdcf44ff26903fde0ab70d6fc
dem_3dep_1m,dem_3dep_1m/landslides/compilation_16252.tif,44715,d41e586d26702cceb6672cb8046ebe7a360645c2eafae42da0b44f7678d6df1a
dem_3dep_1m,dem_3dep_1m/landslides/compilation_16253.tif,45514,be2717c5f24e6a64f39e0d4eaa58f943522cabe1939d08b590bb77ba39db174c
dem_3dep_1m,dem_3dep_1m/landslides/compilation_16254.tif,57323,0a6b07b3eb4f54cafbd895480aab76d23e3097184dd919aae5d3244c004d4023
dem_3dep_1m,dem_3dep_1m/landslides/compilation_16255.tif,58343,013ce8819fa2b13bba3e41cf80444f87fb1f3a11f9a2a60efcd3cc95b0854917
dem_3dep_1m,dem_3dep_1m/landslides/compilation_16257.tif,46458,2281e13f62f9ee2a5fb83cb6c339ce896d0b0e30d94b4c9061f3701a8e575941
dem_3dep_1m,dem_3dep_1m/landslides/compilation_16258.tif,21704,214b68f89bf911cd3b04f01a929130897753f3fa01eb1a0a6d712762ab017b0c
dem_3dep_1m,dem_3dep_1m/landslides/compilation_16263.tif,39775,c785d60d7e09b1363b10c7a72938fe7227f83e6a30d70f33ca520e8a1c797452
dem_3dep_1m,dem_3dep_1m/landslides/compilation_16274.tif,304261,9933800b6d0ec0c2d8e2d7c21203acabdc07f79c9c22c0dc9726a5942066bde9
dem_3dep_1m,dem_3dep_1m/landslides/compilation_1630.tif,78281,c44f0d70e3fa0b571ca16ca6f5a362aa4b3c6a2ee4590cf32a7d3b9fb29ad635
dem_3dep_1m,dem_3dep_1m/landslides/compilation_1631.tif,112096,b507bc27564a93704e3d9b68113011e818f8013e7d3238f2222860ca0e2efec8
dem_3dep_1m,dem_3dep_1m/landslides/compilation_1632.tif,1047299,8793fa3adb22e718e5eafbcf4b7e2d5c2fd62a612b897b3801de08d5efe376fa
dem_3dep_1m,dem_3dep_1m/landslides/compilation_1633.tif,361954,b851ca41ff73de6c24089303657be080a9e27ae932f9af7616e66ba0b7569336
dem_3dep_1m,dem_3dep_1m/landslides/compilation_1659.tif,494490,9b688eab3c8a0c504d85eafc113d40a6cd5bb4d181f40e1f5d98ef7592507ba6
dem_3dep_1m,dem_3dep_1m/landslides/compilation_1661.tif,6416320,526f750bfce62b4f612dc98e053be54554dceb85e3cc21d5247736390125a1ba
dem_3dep_1m,dem_3dep_1m/landslides/compilation_1673.tif,1227299,e8ad027b33a99c1f83ef633d1dfaadebeed53736cb8b8ecc6f76bd3a84d0e07d
dem_3dep_1m,dem_3dep_1m/landslides/compilation_1674.tif,258949,a46722e451985ed550ecb601d92888b99b881c79c421bbcad89e47f773f1ae18
dem_3dep_1m,dem_3dep_1m/landslides/compilation_16769.tif,21299,baffdcc0fe2653fa5943e3127f80b6c187132fd4011499e564e95f1a4b8900e9
dem_3dep_1m,dem_3dep_1m/landslides/compilation_16770.tif,17401,6dcb12114ee30fa3ae8cee85140d0b7aee12335fd7ad4990e58c5b75e8391896
dem_3dep_1m,dem_3dep_1m/landslides/compilation_16771.tif,31169,3deab92439da8aa31c1c522e1191462d3b7ab70ff9b937c89f52d52a26920db7
dem_3dep_1m,dem_3dep_1m/landslides/compilation_16772.tif,31291,8cf460348469341ee5126fa02782b85daea0735cafaf6a4e1055e3bddadaebf5
dem_3dep_1m,dem_3dep_1m/landslides/compilation_16773.tif,22079,e82bf1207d65d4c4df82f6c5406ff038aad3f3b98f63713899cba4ab2fd7e6b6
dem_3dep_1m,dem_3dep_1m/landslides/compilation_16774.tif,13883,bca51cb62897237c4d84401ec843c7d9940899e9d9d011c86cf8f7e5e694be7f
dem_3dep_1m,dem_3dep_1m/landslides/compilation_16775.tif,55064,f94ccdd34f61bbc75066e00032b9b119ab144320cfd94f16136df72824222e90
dem_3dep_1m,dem_3dep_1m/landslides/compilation_16776.tif,62855,a3f6830eb92a9e5b4bc846a0184bfdb5640d7b5596d31f774668dbb8a69ad8b2
dem_3dep_1m,dem_3dep_1m/landslides/compilation_16779.tif,25749,dd2ee566213976185548de1d5d5bcb9f51e2ba22de6c3958a07f625f12edb200
dem_3dep_1m,dem_3dep_1m/landslides/compilation_16780.tif,23326,200753f0cde8a6f5bf06bb32085cd183dc625337a00e8c10d11eec4daf83f0bc
dem_3dep_1m,dem_3dep_1m/landslides/compilation_16781.tif,46520,5f1f57069b30c5aa83a6336abf75c81bc62c977e67a9c2b83c429e839ddc7974
dem_3dep_1m,dem_3dep_1m/landslides/compilation_16782.tif,29485,c1a54a986a8193ce8488ae2932b3eac5ef19d53192d4cdc1723ef23775180dff
dem_3dep_1m,dem_3dep_1m/landslides/compilation_16783.tif,34902,741c14d932d0ce276d135b2f56fce812c051a3ddfa63ba13ea07cbaed834dbc9
dem_3dep_1m,dem_3dep_1m/landslides/compilation_16785.tif,24543,b05e8a9a352d7ac20919e13c7a0dd1d40e0a47fdd647c38a4d8a25bd227e1f2e
dem_3dep_1m,dem_3dep_1m/landslides/compilation_16786.tif,33749,0edcda76283cc6645654ab3628a4e5276a9f912d3e32cf1bc50ab2782ad89de8
dem_3dep_1m,dem_3dep_1m/landslides/compilation_16787.tif,30841,34bedce1afa11e07abeaa474da1b8d79caccfb70b9cd451f635a5609560bb343
dem_3dep_1m,dem_3dep_1m/landslides/compilation_16788.tif,43700,dc6d976edae962d2e13525276a9bc0bc732d3e9fe4bbf0a12ee03614869de17f
dem_3dep_1m,dem_3dep_1m/landslides/compilation_16790.tif,44652,cd80a6c42b192f615751da197379d5fca69691620c4a57f6dffebbde5d246e13
dem_3dep_1m,dem_3dep_1m/landslides/compilation_16791.tif,27981,9e40d9a02b9f59910c7351a44e0e148a79396fe6793a45d71187287c965685b4
dem_3dep_1m,dem_3dep_1m/landslides/compilation_16792.tif,20590,34f84aed54d4fb19158eafcf6b1346fc59523d84fa59bb187b5f728e70323970
dem_3dep_1m,dem_3dep_1m/landslides/compilation_16808.tif,142458,5dcebad3a5b70aa2ce2e7ca3521e8b5e670770188357b23193393b0fc5f7f3ea
dem_3dep_1m,dem_3dep_1m/landslides/compilation_169.tif,26788471,f2d5648ff32532260268b5991c60fd626a892dbf00b2ac3395a8c0dc21fa3ad5
dem_3dep_1m,dem_3dep_1m/landslides/compilation_1705.tif,6507431,baab697e71462cb92ff8965e9e5277fc460629c3a076463fa618f8d35c45b926
dem_3dep_1m,dem_3dep_1m/landslides/compilation_171.tif,1140393,c841a4c9a3f8940daf70ec5e97b04786eda876260a5401af919df12621fb45a7
dem_3dep_1m,dem_3dep_1m/landslides/compilation_17108.tif,30358,ce15494bf4320185d875cab07dd5f53d55bd0d5d19aa77a579aac600c516098f
dem_3dep_1m,dem_3dep_1m/landslides/compilation_17110.tif,15836,59ca1b6816b8eb0aa63754dcaf732e08b9ce73e6633dcbd4da24b8ab49897433
dem_3dep_1m,dem_3dep_1m/landslides/compilation_17111.tif,16137,c2f89a0fd227eb33658c33e7b0f83bc03777824b32b7cf4a33902ffa4a1b119a
dem_3dep_1m,dem_3dep_1m/landslides/compilation_17112.tif,27208,a33f674c82367c4bbac78f8cbe6502e8e41979c0b1c46a712ebfd5981e06d9e7
dem_3dep_1m,dem_3dep_1m/landslides/compilation_17113.tif,31973,5913afbeafd62de42adc195476ff2360a384ca75209bbea538f120da5b682056
dem_3dep_1m,dem_3dep_1m/landslides/compilation_17114.tif,26221,e28661a15a217e9ed066e7be1320dee8f3a1cc886c2ca1b48d818020a8aff03f
dem_3dep_1m,dem_3dep_1m/landslides/compilation_17116.tif,14887,1ef6f91b8319769c9f4a59a284adeb752a0c40b88a4c47cec84ee3dd3d682e55
dem_3dep_1m,dem_3dep_1m/landslides/compilation_17120.tif,20350,a5de8fe2104384c602a0b8ba37887517905a1018ff6075a628d42b2bb3462a0f
dem_3dep_1m,dem_3dep_1m/landslides/compilation_17121.tif,17184,f082f8ef30f79635dab614c3e38a03986e633122e551955d872a9629746aaa13
dem_3dep_1m,dem_3dep_1m/landslides/compilation_17125.tif,29185,97268938e2f2ebcddf0b0d533944a1f283c5cfaae38f18cd328b3004880060cc
dem_3dep_1m,dem_3dep_1m/landslides/compilation_17127.tif,30880,4dcd7e77fbe4252ae1b00596cbabd318ad4f6d3260e221f62fd8f5667d4752f5
dem_3dep_1m,dem_3dep_1m/landslides/compilation_17128.tif,25664,a155e23f1a159994a134418b99a2f631adc5b930245f86cb29af157d04667254
dem_3dep_1m,dem_3dep_1m/landslides/compilation_17132.tif,23842,4d2fdf65f4da22cb368a34c130350b988c18955b3c38c0f6225e7718f0e82262
dem_3dep_1m,dem_3dep_1m/landslides/compilation_17133.tif,33972,12593b15c1cc68465362b89bce15ab663c0d4aaf98b8453a8cbcae1d9c525ce1
dem_3dep_1m,dem_3dep_1m/landslides/compilation_17134.tif,45217,a5c4b921fceac3d02ccc17f7746ead944d89792f42b1cd2ca129917b967ac052
dem_3dep_1m,dem_3dep_1m/landslides/compilation_17135.tif,33645,01af2d27bcf3469f71117f057265ebc1d6be875d0e99609d7020607191c8687b
dem_3dep_1m,dem_3dep_1m/landslides/compilation_17138.tif,603170,d19e6b693cf5a3aa30f9478ed00b59d5428fda4a22ffa67beb2976fe47005288
dem_3dep_1m,dem_3dep_1m/landslides/compilation_17139.tif,87345,18051f9aa8967d97171c18c8e96b866d873e010f07d36b5c5f0361b763ae092b
dem_3dep_1m,dem_3dep_1m/landslides/compilation_17140.tif,23535,a4317fb935310d712812197998d853d631ce8d4663143d467c169eb1d8f81b1f
dem_3dep_1m,dem_3dep_1m/landslides/compilation_17141.tif,21319,c9c2773b3524707a0994377621470a47b49162863a9a4f1162186caa0b73e4af
dem_3dep_1m,dem_3dep_1m/landslides/compilation_17142.tif,31247,1ccda6bd1530b8766ac633f3eb10da1cf9c3fc15950f56d6a88ed296361e843f
dem_3dep_1m,dem_3dep_1m/landslides/compilation_17143.tif,763911,fe15d0246a2b76a17bace5b170d50319f0cc06929d32f1b62d63ba9a07b84f06
dem_3dep_1m,dem_3dep_1m/landslides/compilation_17145.tif,53939,0b60dfb193b85f0c47e6afed3d7018358be12f7ddca87be8cd4c9a8b8afd5a5d
dem_3dep_1m,dem_3dep_1m/landslides/compilation_17146.tif,34885,49d3be7fa04c98a8aff51757158ef307422b0e1ccabc6e9c03983f631d427907
dem_3dep_1m,dem_3dep_1m/landslides/compilation_17162.tif,75576,f865e1bb0d8e801f3ecd50d8b5c32130d10d74fdadf457316d2409f43170e387
dem_3dep_1m,dem_3dep_1m/landslides/compilation_17164.tif,410711,345f692708ee7bd6f4d1ff2fd43321c134465f02221b10342524e8b7e4041fbb
dem_3dep_1m,dem_3dep_1m/landslides/compilation_17171.tif,57952,5ab3b5574e2c410f8857b1d8a296364eb948f693bd5d314479d0f10fdbe79c4c
dem_3dep_1m,dem_3dep_1m/landslides/compilation_1732.tif,635072,d8f97b1f93029186a86f5330fb5c0a01db010f9578644633a950d58f9113ed21
dem_3dep_1m,dem_3dep_1m/landslides/compilation_1733.tif,553989,50f31971a49d4ba10c9ac16ff4759fcfa49c20c17539e26b3c589c1bb6f0b25c
dem_3dep_1m,dem_3dep_1m/landslides/compilation_1734.tif,439705,7bacb2a00b59db4bd075f7964c27fa61bb1ad47a3caf6404b1df7a2f7480a07d
dem_3dep_1m,dem_3dep_1m/landslides/compilation_17354.tif,15736,abcde6ccc655af1021ef03886887516881434de2cb64154eccbebf24c2972104
dem_3dep_1m,dem_3dep_1m/landslides/compilation_17356.tif,30920,b1cb88f8ad618a531ac2df860cee5d251c1b3d9fd5944b1a433e9e82351d26c3
dem_3dep_1m,dem_3dep_1m/landslides/compilation_17362.tif,27420,39b0b0aa6f3cd0edff368068f88138f6bcbe34175aea8c16a4dae600b4b74e0b
dem_3dep_1m,dem_3dep_1m/landslides/compilation_17363.tif,19656,2b82009619f5716ac7f5e0e244aa830e912a1ccfe5b0c17f59acfa8dbd58b419
dem_3dep_1m,dem_3dep_1m/landslides/compilation_17364.tif,24531,e21c67e82075177b7572f56fdaa43d0f6f7b7191f6f96ab160b20e8336acb4f5
dem_3dep_1m,dem_3dep_1m/landslides/compilation_17365.tif,14910,51555c36787ef8502f6f1bd7ff9a667274f679945063f414b1591ec438a508c6
dem_3dep_1m,dem_3dep_1m/landslides/compilation_17368.tif,10082,ebfe423ce0ba8532f241b7d334f462ceb67e2347e4b62b76f3e149aba1fe6141
dem_3dep_1m,dem_3dep_1m/landslides/compilation_17369.tif,27090,09580b409f1b4ba1b997fddf3a7e67a9bd4bc095c2b9583c0be41ec4ce4746c2
dem_3dep_1m,dem_3dep_1m/landslides/compilation_17370.tif,11672,769127bd019767317e2136f380ea2f25dd93892cc8ae4a3ad3812c8bd4870735
dem_3dep_1m,dem_3dep_1m/landslides/compilation_17371.tif,22297,add28400fe3639f6252879fa378b6f95600db836596f59212b6bf0d7839d9969
dem_3dep_1m,dem_3dep_1m/landslides/compilation_17372.tif,76712,4afa0e4c6bdb5886e35a3e5c9dc44c8a533b1e4d2654938a9be434d8fdc48428
dem_3dep_1m,dem_3dep_1m/landslides/compilation_17373.tif,2657648,55f78d06a62688c86abcfed0e5ba08b710617ae6a4461fc11cff48ee384ca7ba
dem_3dep_1m,dem_3dep_1m/landslides/compilation_17374.tif,37789,c0d019342ffbf9c3e498d754132ac36bddc2fadedaaef715819d073d362e3589
dem_3dep_1m,dem_3dep_1m/landslides/compilation_17375.tif,73809,f060ba3cc29e7c3d9e96c3c61645a0b40dead5d370e7c1e32c64b00f3dad17dc
dem_3dep_1m,dem_3dep_1m/landslides/compilation_17376.tif,439453,a4667dc965a5dc1f34135513753ca6c8c495cc844dae037359a3e3c2e7003376
dem_3dep_1m,dem_3dep_1m/landslides/compilation_17510.tif,51424,d8fadc22bcb6f9dc0681ecc68c6775713d3b16cbee7d8c23af9f1c1f42059f8e
dem_3dep_1m,dem_3dep_1m/landslides/compilation_17511.tif,193534,6d8613cb0de3ca277801fcd6465279db60b2aaf53fcdad25bbf2e90c7f23c1c1
dem_3dep_1m,dem_3dep_1m/landslides/compilation_17512.tif,21889,a98c8fde2f59610c8805f1c08461f792a1acddbc88c2a610ac6213d213f94427
dem_3dep_1m,dem_3dep_1m/landslides/compilation_17513.tif,40004,2579c8a3cf4f40ab33152ce6cf7b618886dc1072e932605cfdfda2f568fb8501
dem_3dep_1m,dem_3dep_1m/landslides/compilation_17515.tif,46936,0f5e1b3499fb8b9e4f6f5fcdfaadbe0c0ad8cb1f405671dbecb74fac87bab7a5
dem_3dep_1m,dem_3dep_1m/landslides/compilation_17522.tif,49102,87d0920cf3657f88b34cb5e04c42e75367e1b5841b29ebdc3d58a2c9f3fe07a9
dem_3dep_1m,dem_3dep_1m/landslides/compilation_17529.tif,88678,141c729f56ab173c67ac253f4d2b27a46df80c269796e166e119988d6e0d4ad5
dem_3dep_1m,dem_3dep_1m/landslides/compilation_17862.tif,26926,ccfa2cf9420f68b9c9545a866a2db4ba1c3fe921a831e92aa5e170b5bb59019a
dem_3dep_1m,dem_3dep_1m/landslides/compilation_17863.tif,31436,6fe40dfd973a0f6bbe00a01dc68977f0437ad863c7bb71991ecd25bb8200ed4e
dem_3dep_1m,dem_3dep_1m/landslides/compilation_17864.tif,101373,da6e02c1782ca8e82ed2457c92c4a658202f6f3334567abd0d7fb4845f5f3d58
dem_3dep_1m,dem_3dep_1m/landslides/compilation_17866.tif,15815,f6846e10cc58d890291141d864ddbb6e0a0b4269f686ed229693d5f7374cdfe2
dem_3dep_1m,dem_3dep_1m/landslides/compilation_17867.tif,40255,71b824db3f0cce95c2a8714747ee8a3a828fb8569b8232b9b723119a6a0ccabe
dem_3dep_1m,dem_3dep_1m/landslides/compilation_17868.tif,24629,0c077b54bca62d53023c974c55d74dc932b7bf2f6bf5a58f958d5e66e7e0ddc6
dem_3dep_1m,dem_3dep_1m/landslides/compilation_17869.tif,18920,569aadf1f680dc84da34aca1608a53d5ba83ab300e8e16a293e8f09fb169c867
dem_3dep_1m,dem_3dep_1m/landslides/compilation_17871.tif,34708,d47db0d8565249b032531228b056b409674b8b28eec764594202f9a2552ab84d
dem_3dep_1m,dem_3dep_1m/landslides/compilation_17872.tif,44109,5e221c9c823576fbbdeb10d0dba771fbc00e4002866b273fabf7f2b57cb41952
dem_3dep_1m,dem_3dep_1m/landslides/compilation_17873.tif,32082,9e369a15924bc5e28f5428b894dc769dc0eb7b1224eade0596fb33f3a75b163e
dem_3dep_1m,dem_3dep_1m/landslides/compilation_17874.tif,30655,8c3393608edb6d4ecea29b9b04df5399cb5516f96cca5bd262c32566f6fb2bd8
dem_3dep_1m,dem_3dep_1m/landslides/compilation_17875.tif,35451,083773399b623e7930b69855ce491eb4c3711ecc5ab4aa85d64b11e0b9971f9f
dem_3dep_1m,dem_3dep_1m/landslides/compilation_17876.tif,19719,1c4bcb16c7f29167363b0195817dcc57e9ce2fb555e6ae84f8593ba0fcb27bb9
dem_3dep_1m,dem_3dep_1m/landslides/compilation_17877.tif,24214,ca2196af92830a3243b819031a09d53c1820346f5430f5ed2e909a1cdfde83a6
dem_3dep_1m,dem_3dep_1m/landslides/compilation_17878.tif,74791,90efc33237f4bc497b06ba2175795f6d8e7b82c5ade935b7571ab4fdfc073da4
dem_3dep_1m,dem_3dep_1m/landslides/compilation_17879.tif,33509,65c1c5fae5018ab4f2f05478aaeeca8d0d790e578f0ac6323f2b0695f2d88db9
dem_3dep_1m,dem_3dep_1m/landslides/compilation_17893.tif,34312415,d81d9b08be95104c64ac6a829ed4beb3e3f65104a17550b3e08de6af4f90ab1d
dem_3dep_1m,dem_3dep_1m/landslides/compilation_18200.tif,28548,4a9b8c02c7c9cb9fdc4e5e07be9cb9893c0ef268c68c0eb28809fda72e40650b
dem_3dep_1m,dem_3dep_1m/landslides/compilation_18201.tif,46956,e2cde776696bc164d46c89bafdfdbf42f82e1a2d2c1d2399662664681a4f3766
dem_3dep_1m,dem_3dep_1m/landslides/compilation_18202.tif,34640,01b4bc97b9c8e04f9e2818ddb0441ce174aaf1f545cdf5e5d2a74e9e11b9e548
dem_3dep_1m,dem_3dep_1m/landslides/compilation_18205.tif,20094,0d17d14b0116cc190193f4ff0eceb6394ae0a7d569ef2a79e95e248ffee8191b
dem_3dep_1m,dem_3dep_1m/landslides/compilation_18207.tif,16496,a2c831a5cebae31190337df91df04be21cc9141f1fdd69b65dc27ea32d9b4efe
dem_3dep_1m,dem_3dep_1m/landslides/compilation_18208.tif,95835,d8732253170ad262db2916e943fbc4294ba9d4d68410ebb4428fa972eaeb9645
dem_3dep_1m,dem_3dep_1m/landslides/compilation_18211.tif,47365,53657a10ed064858c48b02e1f0219b16bb9367880e8101e7a9ca2054cd25c47f
dem_3dep_1m,dem_3dep_1m/landslides/compilation_18213.tif,22573,7039d4c20f37fc0315b2d06b0b8cc2ecba7b58aceda7ae1934c0d8ab44818636
dem_3dep_1m,dem_3dep_1m/landslides/compilation_18214.tif,23571,18ab4d24aa0fd0344f9219d5d62db76e35818f1544c70f417f18be62eb1d2621
dem_3dep_1m,dem_3dep_1m/landslides/compilation_18216.tif,62131,80a2f7ef0bd92d1dcce612ac508fe0f5d22299d84e4b20f614e84ac45eb49b83
dem_3dep_1m,dem_3dep_1m/landslides/compilation_18217.tif,22754,7af223295ba78e929bb7f4e316054fe462adc0339ae3f81eb63913c5e3e4afec
dem_3dep_1m,dem_3dep_1m/landslides/compilation_18219.tif,22259,9da14467e04fa17a4aff445f3a99f8b3c142e622a8fdef1e139b5dc712a531d9
dem_3dep_1m,dem_3dep_1m/landslides/compilation_18221.tif,23454,7353fbea198e181bb25793ac139aa90a3ce9be0652443689c731306da3bdb96d
dem_3dep_1m,dem_3dep_1m/landslides/compilation_18222.tif,13456,8a985160c8f01d2f07e15a30eb323143db748d089dbae6b512e72f0a4751670b
dem_3dep_1m,dem_3dep_1m/landslides/compilation_18225.tif,23321,ac7565f206144fdc63720e9a946c2b52407e308fe6f8d02d139d6f27b83cf095
dem_3dep_1m,dem_3dep_1m/landslides/compilation_18241.tif,903936,9b2f5b102afd45cafc23f6dc0dc3bad6dce0a29e203319d9cb93b64df4789bc2
dem_3dep_1m,dem_3dep_1m/landslides/compilation_18539.tif,24782,d449104620535ded2e356d5e177fda2671bc26366b8e5dc44d00d51b58a063df
dem_3dep_1m,dem_3dep_1m/landslides/compilation_18540.tif,35784,149c6ba4268b47dd08e5f1169f910d9a22e04bdac5bbdf6d427fd9710bfcfcc7
dem_3dep_1m,dem_3dep_1m/landslides/compilation_18541.tif,18228,4094f6784a199aa992583c4c48b0ad7c75d0342c2b3f78b8f0baa132f25201dd
dem_3dep_1m,dem_3dep_1m/landslides/compilation_18542.tif,25027,f440269ac1c1cbdbe21e10d3d99cddbc2caf1ae880340863a792ffb576d2a77a
dem_3dep_1m,dem_3dep_1m/landslides/compilation_18545.tif,17621,52470f5a2b130af55f56b5e4399894ff8d11939b0c691ea7677e4bed5a62cb48
dem_3dep_1m,dem_3dep_1m/landslides/compilation_18546.tif,17172,ef5340e2da8e00f83776213c05f4d2af7d46a06be432c8b2f55544216fc691b2
dem_3dep_1m,dem_3dep_1m/landslides/compilation_18547.tif,22778,eda21c40a11f30993125e0c2a95ff50400107dad90b81cc0d8deb0df8d038ed7
dem_3dep_1m,dem_3dep_1m/landslides/compilation_18548.tif,21214,57374ea552aee5470faebb853dbe746072e1b1a6d7ef3709c04bda9accc986e0
dem_3dep_1m,dem_3dep_1m/landslides/compilation_18549.tif,58069,d422d27b8d2c499985b1e73dbe98c8588093cac14492e250b0c6d0429168057e
dem_3dep_1m,dem_3dep_1m/landslides/compilation_18551.tif,29044,2f3e66a89c57492f94b7ea541e6e061c9ffa3fc3732f305770148695ce16868a
dem_3dep_1m,dem_3dep_1m/landslides/compilation_18552.tif,22826,9c0d827a290602d4e5ff703ec0a3b491ac4b63b35f79483e82cae3f054de2c6d
dem_3dep_1m,dem_3dep_1m/landslides/compilation_18553.tif,28870,b702066f172838faaad70f5868fd784545ee46790a7bc734a0005911e8dd7e6a
dem_3dep_1m,dem_3dep_1m/landslides/compilation_18554.tif,50058,e0b73215a8d3a7d8805d069be7b2f74815c096664d3cfe3e463f72b4f243a180
dem_3dep_1m,dem_3dep_1m/landslides/compilation_18556.tif,777207,26c50de232fb5a7f280f21d2f2f3768cb716f9d5bdb994580c354aeb4fb3b80b
dem_3dep_1m,dem_3dep_1m/landslides/compilation_18557.tif,45509,14b28f70f72fe6c236608f2e3c8c11558b1a7a646e17645eadded8e1bd403639
dem_3dep_1m,dem_3dep_1m/landslides/compilation_18559.tif,23778,975701f42c1fc8a0ba8cf534bf6653e9307bc11bd1e82cf9b8ddead49f33636b
dem_3dep_1m,dem_3dep_1m/landslides/compilation_18563.tif,21663,4ae56bf1aeb070b808194a64ab993dd41ce652c841b2e6dc2ca63a109a8c2146
dem_3dep_1m,dem_3dep_1m/landslides/compilation_18579.tif,20948,90f0099e0fc32557b40e218b406ee22a48ead85dd4770987a701b66fc0d01509
dem_3dep_1m,dem_3dep_1m/landslides/compilation_18580.tif,26114,f6db1d530b19073ce2cd2eaa193fd22f38373f566b47035c3927d18712452e98
dem_3dep_1m,dem_3dep_1m/landslides/compilation_18582.tif,23791,9247ba90317bcef802644aa6ad48e1aba8f5b0209637fe15f50ed583ed013b45
dem_3dep_1m,dem_3dep_1m/landslides/compilation_18583.tif,70598,b4aefd06b0fc26c88da50632c4736f37791d4a4a0a58411c7601e1bf054aa970
dem_3dep_1m,dem_3dep_1m/landslides/compilation_18584.tif,40627,5d188a29ad34126d8006555210b7e5b6d16999a17f9a560630f29afbb056817c
dem_3dep_1m,dem_3dep_1m/landslides/compilation_18586.tif,18751,b503f24f46fe01e8c13a94e855215d57eedc2fec902af6fa039c7e626e13c6bc
dem_3dep_1m,dem_3dep_1m/landslides/compilation_18589.tif,25611,a0c1692e748887e5377591c1f5dd64c1a452ff53b1cbbaf296c25fb4693d20d5
dem_3dep_1m,dem_3dep_1m/landslides/compilation_18590.tif,163381,dece0e61c59f79d6cddec81f1a3aca7ecbf751a5215ef1241fd06c98270e7909
dem_3dep_1m,dem_3dep_1m/landslides/compilation_18591.tif,32864,400eb86c2ca3b1f8a1d453f565d894836502d8344c2eb4403d1bdcd1808e1901
dem_3dep_1m,dem_3dep_1m/landslides/compilation_18592.tif,13274,b210341fb27231e482c8abf10a3742595c394e518e729e10ed92ed616411d539
dem_3dep_1m,dem_3dep_1m/landslides/compilation_18593.tif,30983,51fa15dce5ccccc6e2fd89659ee95f110072ce0e13d4fb228f3435d07bf24dae
dem_3dep_1m,dem_3dep_1m/landslides/compilation_18594.tif,21983,eb46381d0ddfecae5ded430e2b41132bacc58bd6d7d752f9f04ad076480b08a4
dem_3dep_1m,dem_3dep_1m/landslides/compilation_18595.tif,22650,3f28e917fb0f7c9bac20c970969f00ebd8ef98223f52d4dcf705d3e9ea0fc26d
dem_3dep_1m,dem_3dep_1m/landslides/compilation_18596.tif,21705,909d735a5458f1a8163d9daaaddadefa16dc005596a8c263d70e557b02f9e6ac
dem_3dep_1m,dem_3dep_1m/landslides/compilation_18597.tif,14525,f2661c062daee1e503c876ee50d0fe8f89029665df47ea53825d277fbe7868e8
dem_3dep_1m,dem_3dep_1m/landslides/compilation_18598.tif,27319,2a3005a8d6766b10e4364030c08d1324b509403c694f0400a4b462e4f37d5299
dem_3dep_1m,dem_3dep_1m/landslides/compilation_18599.tif,30062,49870b888227707fae826f2d202a51407d79d4f5c58c46e8f826faafbaa2459a
dem_3dep_1m,dem_3dep_1m/landslides/compilation_18600.tif,24999,0b74214a1bcaa8942250e995c6d0c1f0e882397e58893594c8ef0540b8559f47
dem_3dep_1m,dem_3dep_1m/landslides/compilation_18601.tif,32574,66fab54bb887362f443cd0b76fd0c1b34162017c3793438ca454f73e9a1b7f59
dem_3dep_1m,dem_3dep_1m/landslides/compilation_18602.tif,42195,5f1a02c42757b523e20e745e56e55a44088797c8a137261dba5909e971920e99
dem_3dep_1m,dem_3dep_1m/landslides/compilation_18620.tif,51129,94fb2a5a0d2b157e8457b7f65aa56c146596188d03276b1b4bae1e591741ac68
dem_3dep_1m,dem_3dep_1m/landslides/compilation_18728.tif,534420,fda44b2e4a309e4cecc4d311bd63231c6317b3b219e096cc99732afe82417a3a
dem_3dep_1m,dem_3dep_1m/landslides/compilation_18733.tif,6224755,a6b09e8f51a8d71264905f7a1e2e6403f35d162c02622de24db75daacdb6bc55
dem_3dep_1m,dem_3dep_1m/landslides/compilation_19028.tif,36602,fccbf16b4f4058d5caeb326ec8993c183abdad2b8a0a4a58d26aaedca939eaba
dem_3dep_1m,dem_3dep_1m/landslides/compilation_19029.tif,32737,ac78182cf57d84216d236157cd738b648235c6f2f2dd8c346e88eb7f7ef1a3d6
dem_3dep_1m,dem_3dep_1m/landslides/compilation_19030.tif,31203,bdf37cecd7f117b0a66f8be65ea0810d9c934a9faf067245a599f72a4a27758a
dem_3dep_1m,dem_3dep_1m/landslides/compilation_19031.tif,84425,d8ccf9bc4237eb6f26216378edcbe6ebace7e622f5852534e3aebd21f65ea586
dem_3dep_1m,dem_3dep_1m/landslides/compilation_19032.tif,17830,c74b74c35057f7252015af79aa98672a22972abc4785798acf0634275f947382
dem_3dep_1m,dem_3dep_1m/landslides/compilation_19034.tif,39312,2d99434bbbdfa13e46ff06ed54a30119ed7dd131d58351678db5fb831cc9e6fc
dem_3dep_1m,dem_3dep_1m/landslides/compilation_19035.tif,14717,9c798d5ccb85bcc7c275204a015dd8f805403f3dc7ad9d8df9bcc5c6addb44dc
dem_3dep_1m,dem_3dep_1m/landslides/compilation_19036.tif,79877,c2d40f85f516f84cd62356eaa9496cd3c06d569e71653ffde472fdccbffc7c82
dem_3dep_1m,dem_3dep_1m/landslides/compilation_19037.tif,19528,1f8d2eadc24e7572b54d55373a2542e1b022721d12f08a984dc26c3aa765432b
dem_3dep_1m,dem_3dep_1m/landslides/compilation_19038.tif,20793,47a17d4fe37de351fd60188121d3af876ce6ba0eb69fee4be297bf39e5181b0f
dem_3dep_1m,dem_3dep_1m/landslides/compilation_19040.tif,40505,ee69d5724f733470f14e7fac7075630b191b39bcd115171d90fdf4604a7ce6a9
dem_3dep_1m,dem_3dep_1m/landslides/compilation_19041.tif,22527,27b7e2e12f87faddb3f3191e5668386dafc1705241faef390fef61243abba65c
dem_3dep_1m,dem_3dep_1m/landslides/compilation_19042.tif,87138,c4f9cdd6d5c6c1d7bc37691b06f4722903da8011085a9b58836c2f9a8669d726
dem_3dep_1m,dem_3dep_1m/landslides/compilation_19043.tif,23432,4a5c40694ad2cfdf9ecd6b59b545bd240598f1d605974ffa99334c47ba66bc40
dem_3dep_1m,dem_3dep_1m/landslides/compilation_19044.tif,15266,ff3efa7901ef8e1da749ba55e0057e99f7481f4d90203b4da6db08f53dafb676
dem_3dep_1m,dem_3dep_1m/landslides/compilation_19045.tif,131981,6e386c1d71fe25da7770d9790e34766da38db98083f3e4044d670f868e8c774f
dem_3dep_1m,dem_3dep_1m/landslides/compilation_19046.tif,40414,a223c0c25b6525098f2babb52dde7e79e95628fa5180a4e5f2faca4b1da1c065
dem_3dep_1m,dem_3dep_1m/landslides/compilation_19047.tif,43424,173f57855e9e970f7100b29f8c9391131944cb10b31475c447299e5377a68e90
dem_3dep_1m,dem_3dep_1m/landslides/compilation_19054.tif,1708437,ec552b3d9cd02434c77e65a141a3894de45c7ff6dbedfcf8e0f76c1939c99443
dem_3dep_1m,dem_3dep_1m/landslides/compilation_19055.tif,619275,7da5be0e92956cd4a3537f0a3bc8aaf46f5e702082ab5dd40dd41d04f7e2ff40
dem_3dep_1m,dem_3dep_1m/landslides/compilation_19554.tif,11948,7a36ba175762ab1a0509d76b8aa226165161ae18ed75f9190ac3f84c16087b4a
dem_3dep_1m,dem_3dep_1m/landslides/compilation_19557.tif,17197,928a92ab1f9fae90ec1d11a049566537ae1e2b73ef2f86026df6b73f3a017192
dem_3dep_1m,dem_3dep_1m/landslides/compilation_19560.tif,13521,ec687f1935728b2ccd5b3ac738bb26eeaa7ae7c39f9448207a5c0034c59b2e89
dem_3dep_1m,dem_3dep_1m/landslides/compilation_19561.tif,35608,47024abc337747eb96363a9d498bce5a36105ade90d89a8015fec1dd81644529
dem_3dep_1m,dem_3dep_1m/landslides/compilation_19563.tif,22202,a06628efd274fcf26dc6df97f2a3aa948eec560631f8cc4d1f5c7e9a2eda9766
dem_3dep_1m,dem_3dep_1m/landslides/compilation_19564.tif,28713,632bde9e8f19f03f8b3ac60284382223c29783646c6b0a77c9f0d8edf05c6077
dem_3dep_1m,dem_3dep_1m/landslides/compilation_19566.tif,312376,2bb55b01906ca5f5a0bee763871935b7a70503eae424b2340a1fd46668b996a7
dem_3dep_1m,dem_3dep_1m/landslides/compilation_19567.tif,28626,660951b56e0cdef3be75340bc1b6e660f63b5ab06b8dff8773d5558768bcba00
dem_3dep_1m,dem_3dep_1m/landslides/compilation_19568.tif,26463,d28d45d06f9bb2e8d810a7bb0894f85cea9ecd271fe4e3d1be0e3ec65f98810e
dem_3dep_1m,dem_3dep_1m/landslides/compilation_19569.tif,36344,955a0648a535ff1e594c267136555a2d5718f12e84b166f9c3ce80acd27d7d93
dem_3dep_1m,dem_3dep_1m/landslides/compilation_19580.tif,383641,6ea2f7b0574dcd24e254c55f843507a3bfc7e224d856fa31727be76100306f20
dem_3dep_1m,dem_3dep_1m/landslides/compilation_19590.tif,217416,e5033e53207c6242d1eef584599c8a55147ef313cc8d79ea4172c80e01e14c38
dem_3dep_1m,dem_3dep_1m/landslides/compilation_19591.tif,1332856,8ae9d0b90c94a55b80c74ae0300325456994ffb694724248d725fe2960ba9753
dem_3dep_1m,dem_3dep_1m/landslides/compilation_19898.tif,12469,8abd053dbd7801520af8358a9e1a43d703efec202f84f98a508018c5bbbcbb25
dem_3dep_1m,dem_3dep_1m/landslides/compilation_19900.tif,29813,1f69b995760703140b832ccbd2a11bb8c24d69c498591d2bcca0d8ceb0adc50c
dem_3dep_1m,dem_3dep_1m/landslides/compilation_19901.tif,29078,58d4d51d854d81b698b136fb683e2f108ef1ab1767e4bf8e12fbab6170cc9fce
dem_3dep_1m,dem_3dep_1m/landslides/compilation_19902.tif,23356,7a4869e5ffec05ea2ff8c9cbd888fb2f215a1644db593ff7b6c3b37bfc14e7ff
dem_3dep_1m,dem_3dep_1m/landslides/compilation_19903.tif,52898,8a9b53c402d6a0b7d0c3b3c8621e2e73de7f4fc1148d841d0fab9e7dcc14071b
dem_3dep_1m,dem_3dep_1m/landslides/compilation_19904.tif,153137,7f8100a105167449a52b42d3899ad63ad7a6941322dcd9246713b861eaf37f47
dem_3dep_1m,dem_3dep_1m/landslides/compilation_19910.tif,23714,633b0d22cdecd0bd07c1f8079604ebcd46ab2147a0c4c4a69ef7b98e1321209c
dem_3dep_1m,dem_3dep_1m/landslides/compilation_19911.tif,15549,3d7eda6d22a4d02ce94ba55c376387ea4baf7419d4a2e4a21ce4b1ce0513bfad
dem_3dep_1m,dem_3dep_1m/landslides/compilation_19912.tif,26862,88162e43bc8c4b4a6ec2244a0071a93f573707152d06867c5b4ac60035ec8a28
dem_3dep_1m,dem_3dep_1m/landslides/compilation_19914.tif,24754,8c0fd8ad20b3767c1ff101cb651917a6eec5f2ee2257e310597b63c996628188
dem_3dep_1m,dem_3dep_1m/landslides/compilation_19915.tif,24493,e02247177d371da338b0af0cba149024cfcc21761b3d2d038329689ac8a08f4e
dem_3dep_1m,dem_3dep_1m/landslides/compilation_19916.tif,69035,a28b4c6a050ee7298cc51f22676e82d482c846810b26ca795c177ad0f6637d66
dem_3dep_1m,dem_3dep_1m/landslides/compilation_19918.tif,25435,96149e5fd243ea9bb84cdb20d0b03b99810a6d2c5b3a982a134014343233cf6b
dem_3dep_1m,dem_3dep_1m/landslides/compilation_19920.tif,77229,68bd6329d47937714786217de3de15f2192df06abf4b28d40f7d04acc8ae200b
dem_3dep_1m,dem_3dep_1m/landslides/compilation_19921.tif,27498,c1c1dbc4026f28d1f0dd2333dc3eb7adaf390cff879c2af7646a5bfa9aa30de5
dem_3dep_1m,dem_3dep_1m/landslides/compilation_19922.tif,37896,34bdff2f6f573aa8349cdc59aae09dc470c3c92519ac143c5dc1702fb9e56dc3
dem_3dep_1m,dem_3dep_1m/landslides/compilation_19925.tif,580912,a1843ba943c292fdec92abf6806c07992ecec7fd91054efe1cee75bd703a647b
dem_3dep_1m,dem_3dep_1m/landslides/compilation_19926.tif,37502,75d94f68601fa20f92ac15d8569259ac224b71e0bfbd895e10c92cd9e98c6894
dem_3dep_1m,dem_3dep_1m/landslides/compilation_19929.tif,12794,71315b47fed4f6d9ce978cbe267a3be887414c5b34df06c6c54fb70e95da2ab7
dem_3dep_1m,dem_3dep_1m/landslides/compilation_19931.tif,96106,db11b507bb58138a85389c8fa9768e57a1d2a256d07f1430fbd20c343f9997c5
dem_3dep_1m,dem_3dep_1m/landslides/compilation_19936.tif,106436,eb504c962c9fbc136ab80b3e885c3d7b09b29f0d50e0a14b99ac9ddd187f6692
dem_3dep_1m,dem_3dep_1m/landslides/compilation_19943.tif,69465,9833fdbc29d8707b8b595e30fb30305adf09482d54f5d711530529ed35d5cddd
dem_3dep_1m,dem_3dep_1m/landslides/compilation_19947.tif,35031,740d2abf279b95ab6fbe398aca5890008cd7ab8504376845e2b39e6d7c4fc38e
dem_3dep_1m,dem_3dep_1m/landslides/compilation_19948.tif,93551,6b9b657bd41398f866b5f628980fd8ac545caa0d2bfacd8daeece7acd381efd6
dem_3dep_1m,dem_3dep_1m/landslides/compilation_20121.tif,17246,efdbe6a7b997e6adeb755b91ce6ff742fe341bc8869174792b643a696944e530
dem_3dep_1m,dem_3dep_1m/landslides/compilation_20122.tif,24230,eec6c55657b1264bcdfe79b934b3082328283adb21cce3873916646bfe3ff3bd
dem_3dep_1m,dem_3dep_1m/landslides/compilation_20123.tif,30522,c74dd32fc7bcd932f6a8a88f5461c838dcc6088864a44ad35d6c6781d7654618
dem_3dep_1m,dem_3dep_1m/landslides/compilation_20125.tif,34926,d1e5ad55e739176fd2e29988eb456358bd254a82f799c941d94f90cd3bc0d02d
dem_3dep_1m,dem_3dep_1m/landslides/compilation_20126.tif,27948,b2ab41b5279536ee873574b5fe3804d8f03ffb9b1bbfbacd3c061e0752970a09
dem_3dep_1m,dem_3dep_1m/landslides/compilation_20128.tif,26805,b5f03f737bd611322bfd2cfa2f1af01f9ed8d3a066c9e7c6767df7da81e603ca
dem_3dep_1m,dem_3dep_1m/landslides/compilation_20129.tif,36932,2a86cc8c9aa514ce9b23ec46046476832bf1ae56b73d801ff386bb17745dd15b
dem_3dep_1m,dem_3dep_1m/landslides/compilation_20132.tif,97184,98d2c26efc536dacc203db9e1e9194e99ba36f5a37b5a1ea9863ab4abd9f8390
dem_3dep_1m,dem_3dep_1m/landslides/compilation_20133.tif,21215,61b8a1b48842b445af4ccf8a7664dfa12165643d0202b229b80a692441cefaf8
dem_3dep_1m,dem_3dep_1m/landslides/compilation_20135.tif,13917,9bbf46a79286956001cfdce263a852c27673085d69b6df3405d0fe2686782234
dem_3dep_1m,dem_3dep_1m/landslides/compilation_20269.tif,29135,bf01faaf368c88be7aecf9272d5e4367bee94714fde2fe0284cdadcc48343b1e
dem_3dep_1m,dem_3dep_1m/landslides/compilation_20270.tif,13787,a60e40d8e1443dd48d5f5c75b0b438c900273c00f147e49a9e178f2e608a723e
dem_3dep_1m,dem_3dep_1m/landslides/compilation_20271.tif,31899,2357495987275ac23503f8e6e5b68de70b293d2eed07d45e007dcc4af7ed7dca
dem_3dep_1m,dem_3dep_1m/landslides/compilation_20272.tif,56036,497a69e1bd0d9a623cbb86a6e90ad7d8e812ec8be50bac18cd2498547abb7bbc
dem_3dep_1m,dem_3dep_1m/landslides/compilation_20273.tif,37127,849e4c136d089f954dbfda95e93b1ae71752c71e7d924eba3824c5b8300ab500
dem_3dep_1m,dem_3dep_1m/landslides/compilation_20274.tif,30301,c5c22f819aee3cf9db298c25ed0e4f01b112c044d96c858cc16caf66aa80f7a6
dem_3dep_1m,dem_3dep_1m/landslides/compilation_20275.tif,63249,6b27cb129e944f30a5096a5214a2f40fb52abec990e9efade42550f658e6c03b
dem_3dep_1m,dem_3dep_1m/landslides/compilation_20277.tif,31503,21c34a712a89194718eaa9599e0a89b40c15b03fcd23830a485cc78b37b4ed6f
dem_3dep_1m,dem_3dep_1m/landslides/compilation_20586.tif,25481,c18c91416d6778be823885daebc1fb92c16902efd06f2f4e82f46ce3d9afc570
dem_3dep_1m,dem_3dep_1m/landslides/compilation_20587.tif,21855,e28de1ab9f880eddcc0ff0037c0ca368ef6f2e2d8ce37ba58b495d6307eb118d
dem_3dep_1m,dem_3dep_1m/landslides/compilation_20592.tif,21900,6ece3754a94127fb089842d775d8af33a1494d83eca72fb6d4e0b4e25b66f2f7
dem_3dep_1m,dem_3dep_1m/landslides/compilation_20593.tif,85576,70736fe2469876765fbc884c1674665d9a944ae924b18a3f717f956cc7973ff9
dem_3dep_1m,dem_3dep_1m/landslides/compilation_20594.tif,37519,e40a6eaa3adf4c107c5263976872244e59b9dd99965aab13334d6b58db50ab6d
dem_3dep_1m,dem_3dep_1m/landslides/compilation_20596.tif,11249,a6f9b20fafa78cc9c059fba520c16bf2ebd7bfbb801a6d4cf4f70365dc9e52cb
dem_3dep_1m,dem_3dep_1m/landslides/compilation_20597.tif,10847,bd2e74a2b85adb28f67a91a5e89215575029bb1f10a2cfdadb29c24fd5d978ba
dem_3dep_1m,dem_3dep_1m/landslides/compilation_20599.tif,35516,4e829d6dec94b9e30757789775a8b755852f6fee52a257f0c7c0081ab7efe344
dem_3dep_1m,dem_3dep_1m/landslides/compilation_20601.tif,16631,1163ddd61823fb350a2bab33ad99df3255fbfe9fd1f94e2ad2b0f4d29048fbba
dem_3dep_1m,dem_3dep_1m/landslides/compilation_20605.tif,24912,55ef9833980d5dddbb12810d51dbf82cb60d8675c92b1cd98685e31e35abffbf
dem_3dep_1m,dem_3dep_1m/landslides/compilation_20606.tif,28591,f060a847df398972ece80ba5b96c348273cd7a714e7432149fc0bc52c516334f
dem_3dep_1m,dem_3dep_1m/landslides/compilation_20607.tif,39796,d39cacfc3b36e25c9c1f0eeeb152395f05d4e2965bf12f7024ccc355df1eb18d
dem_3dep_1m,dem_3dep_1m/landslides/compilation_20614.tif,26565,5f2bbb5a77f19b09eb840c0c3500377894469bcc929fdb912ef3cd6d2e6fa6ac
dem_3dep_1m,dem_3dep_1m/landslides/compilation_20914.tif,34988,06304492e96dab88380725abca958613b47521ae452850f272a25008fafda455
dem_3dep_1m,dem_3dep_1m/landslides/compilation_20915.tif,14286,df3e387c3e68bf7e86a222b9f3f9cc396c3d70b48a2070412fbb2c63470837f8
dem_3dep_1m,dem_3dep_1m/landslides/compilation_20918.tif,19842,d6d189f100203fa9250d7e66bf22ce42306df86ae5d9f3dc263d219daba84cc9
dem_3dep_1m,dem_3dep_1m/landslides/compilation_20920.tif,36990,9a29d41030436ae9dae16977f1ce72a398598f0a91ebe8587a440c7b714b61de
dem_3dep_1m,dem_3dep_1m/landslides/compilation_20921.tif,22991,3cec54703a8bd78f8439b694eeb5b3983e78223d04fbc615d55ce47e5e2a1b7c
dem_3dep_1m,dem_3dep_1m/landslides/compilation_20922.tif,29749,af2ffdb166c8a123bfd59d834c218fbd601f302d0577bc5b80aba9b0768be7b5
dem_3dep_1m,dem_3dep_1m/landslides/compilation_20923.tif,29411,61802c6217847b7d05b785ba14abd8a3a9ec22451975a666f77b4ab18e5393a2
dem_3dep_1m,dem_3dep_1m/landslides/compilation_20924.tif,40665,fe45f3119bdabbef3a3570f0f0e88386bcfe61c5b6fe1efac1b8d194888f042e
dem_3dep_1m,dem_3dep_1m/landslides/compilation_20925.tif,30336,c36c7fd8f0704a53f29b8e5ae63f67590526ffe131b79326a04b887d87e6dcd9
dem_3dep_1m,dem_3dep_1m/landslides/compilation_20928.tif,28427,b611fa02dafe3c096e26797830f5b0683a9347b2de2f42f7a00f010ccad52c55
dem_3dep_1m,dem_3dep_1m/landslides/compilation_20929.tif,14590,c6371d65105946fe6284976e1792188d865f3c55022beaef1fefca4c037fc8cd
dem_3dep_1m,dem_3dep_1m/landslides/compilation_20939.tif,356614,913c5c8ecdf83c9a13704839933776fa476561d9834a49a70c091fa8978a4dd0
dem_3dep_1m,dem_3dep_1m/landslides/compilation_21235.tif,35489,3d11e6c4483cfa49568ad2bc8d2e11b5083ac706d6cda77b71e69e08ef652f1c
dem_3dep_1m,dem_3dep_1m/landslides/compilation_21237.tif,11820,a33116d9eb3fed4fad93ae5357b53c78c5b89691e45ad591208118b2cb8ab4b5
dem_3dep_1m,dem_3dep_1m/landslides/compilation_21239.tif,75391,58081663bbb9f1973b96bb3319857f5f787dcdb3b3434ec4ed0ac054abad0d9f
dem_3dep_1m,dem_3dep_1m/landslides/compilation_21243.tif,64541,97c3e5a634cb2d9d77c52c15ca75b91956e59e0a00d8639907da53828f8d8759
dem_3dep_1m,dem_3dep_1m/landslides/compilation_21244.tif,37326,7536811dd311086c3668647509ef4816fccd34be4d520c9e2bec4bb9447095a7
dem_3dep_1m,dem_3dep_1m/landslides/compilation_21245.tif,13175,531627e7ac2da3e5b3609aa99c3e90d6613d0b7e30567d6e0fcb527f88bcfc87
dem_3dep_1m,dem_3dep_1m/landslides/compilation_21246.tif,14003,4fd95014550cf6c2b0a63eacffd06adac45dcea853ca3fb48272f5fcd1048257
dem_3dep_1m,dem_3dep_1m/landslides/compilation_21249.tif,37338,4f82a74d8913678caa8ec5a498be8b6f2bb8541fd13a84532b4a79797bd9f854
dem_3dep_1m,dem_3dep_1m/landslides/compilation_21250.tif,40234,7c40a60718053657c9e26fd43eb0cfff30ebc3b3ae3ff8680e19b304e3977d28
dem_3dep_1m,dem_3dep_1m/landslides/compilation_21251.tif,25502,58f97aed70d8c08d6ae1d3eae412b59997c14a44735eb105d0835a028e1ed15f
dem_3dep_1m,dem_3dep_1m/landslides/compilation_21252.tif,40881,9e7e5ca33f37e177a12c14c02b045c1982d277250699c385f243f518bb19529c
dem_3dep_1m,dem_3dep_1m/landslides/compilation_21254.tif,26995,5d43c120ffb32ccce038a27c5c80f8cfe49c7cad4222f6b8a512a34a2039a984
dem_3dep_1m,dem_3dep_1m/landslides/compilation_21273.tif,23136,9d4b851f64589d1ade7dde56cba723e4f61a0f04484923cdec30e9b15747edbe
dem_3dep_1m,dem_3dep_1m/landslides/compilation_21274.tif,26447,2181a99c366d780ae90b9d3eaa3812382fba2d525972c385092cc9592e372dfa
dem_3dep_1m,dem_3dep_1m/landslides/compilation_21275.tif,16759,e00490a0533f0d357828434fcee7c69ab95713c76eb0b58f8de78c5eb8dfb973
dem_3dep_1m,dem_3dep_1m/landslides/compilation_21276.tif,32475,88c73d18d854c7f550626fdcbe0dc5c64f3ab53fe85d6d863c7718c331710b19
dem_3dep_1m,dem_3dep_1m/landslides/compilation_21277.tif,34098,a994516d19e99f78c0c8df4ce557e5f6979342b9f6dd3635d89b320b1d0fee28
dem_3dep_1m,dem_3dep_1m/landslides/compilation_21278.tif,25003,1fe3ee99cb4908caf95c49e88019026a9e4fe3bf2b7c45c9709f4793280ab1db
dem_3dep_1m,dem_3dep_1m/landslides/compilation_21279.tif,86623,fade317ed4b48c6a2772f25bf9204d6b593ece901996d0779166dd4607dabc25
dem_3dep_1m,dem_3dep_1m/landslides/compilation_21280.tif,22313,a3be52d8643bebb361ce7053e809430b168c8e84dba27f010250fb3aedd3d36f
dem_3dep_1m,dem_3dep_1m/landslides/compilation_21282.tif,29397,47214e8aa9299bda74436e4ff15cb24da04143e3c0fdde5d9bc94f679b22bf76
dem_3dep_1m,dem_3dep_1m/landslides/compilation_21285.tif,257055,91eb19bb7add62bff560e9e3ff40ea3708865f2a193caa2e81f2d4f7f1262559
dem_3dep_1m,dem_3dep_1m/landslides/compilation_21289.tif,48856,cf62d796be9e3cb25882113deb9d4277309ea1cf11242178372ba2e0d71360b6
dem_3dep_1m,dem_3dep_1m/landslides/compilation_21290.tif,12817,f8285f7ea8095e940348750c5237c965fc3f87a18c85e14df83cd388e05ece0d
dem_3dep_1m,dem_3dep_1m/landslides/compilation_21292.tif,19853,41283b53538ba846f381979406d57e1e71199c62f7becffb2ec7697a1c084a5c
dem_3dep_1m,dem_3dep_1m/landslides/compilation_21296.tif,11674,166e40ba242f06b5ac7b7c9a8286deae8580e7077a95e6011f7b4ed94be32433
dem_3dep_1m,dem_3dep_1m/landslides/compilation_21297.tif,33384,6696cd13182bbf08b75ef8d66f14ade54514402c6e4b8f9bdbb272db3025ffe9
dem_3dep_1m,dem_3dep_1m/landslides/compilation_21298.tif,36787,835304fadb0770e84af4db5a3943812779bbff45f4c1014dfbb914a89d02ce94
dem_3dep_1m,dem_3dep_1m/landslides/compilation_21301.tif,23232,ccb4ca9a0338252cf12e4e8b7381c7a2e17d024af94e245f29e9140a9c680406
dem_3dep_1m,dem_3dep_1m/landslides/compilation_21302.tif,46524,0c2124c178e1478f0ed350802e2d3c512de25a0e87ec1747e2a1d5960cf47f35
dem_3dep_1m,dem_3dep_1m/landslides/compilation_21304.tif,25848,060be578d0572f32b9f594072a3970153d1d0f808dc688d0a136c78d421856f9
dem_3dep_1m,dem_3dep_1m/landslides/compilation_21305.tif,21090,16d945e61b202b7c139a4fa53066cfb40d1084a26c23b7f7753ed922b66418c4
dem_3dep_1m,dem_3dep_1m/landslides/compilation_21306.tif,38797,2a814c0b2155573ccc531bcec1f66e66bd57a3ff55a9843367082d368dc86a8e
dem_3dep_1m,dem_3dep_1m/landslides/compilation_21315.tif,195720,f6c627bf1583a7c16375f67ac12d8c8886c178dafe668fb51498610eab011c5d
dem_3dep_1m,dem_3dep_1m/landslides/compilation_21319.tif,23210,2abc1b04eecb5276bb5e04384df71e39a6417945981dd10c8180d0c1d2700850
dem_3dep_1m,dem_3dep_1m/landslides/compilation_21329.tif,137540,7b0c9e8aeb33f8931b1c82aa1ff079bdca78da2f26896899b3cb3334a4091d13
dem_3dep_1m,dem_3dep_1m/landslides/compilation_21426.tif,489820,8fd436211aea8aef33e7c985c4476f31cb40930f101b0aa0f219b7ac60b2be51
dem_3dep_1m,dem_3dep_1m/landslides/compilation_21431.tif,1311792,a5e0ecb79808a6b838e8e886c5b5461aaa9d9bb19a555d848e989ca658b1c027
dem_3dep_1m,dem_3dep_1m/landslides/compilation_21433.tif,46981,e53dcdf0c6b77cbf5a43197de1122b439f6e01ea6d8aceb7b76b1987780b2d05
dem_3dep_1m,dem_3dep_1m/landslides/compilation_21434.tif,80303,63b1f64000e2386f0230b034ac1686700494da8880fde8e548bf755ab2b208e0
dem_3dep_1m,dem_3dep_1m/landslides/compilation_21737.tif,33170,95db289475b00131d893867a71039d69bb08d49418a03cbba3a424ed81ea41c6
dem_3dep_1m,dem_3dep_1m/landslides/compilation_21738.tif,42127,60d15b3189ef51272b83c6432c9a398ba74b61921a439417c1af4faf2045ad52
dem_3dep_1m,dem_3dep_1m/landslides/compilation_21745.tif,43548,90af9425c42ec8860891bf4e2887aa3f01dc301d210fef5b8b0770c44b4623b4
dem_3dep_1m,dem_3dep_1m/landslides/compilation_21746.tif,30889,c0566bdaf24e616ce7a7a13a698ad4297a48a55817ae2a4d95ab8ca5a5fbd88b
dem_3dep_1m,dem_3dep_1m/landslides/compilation_21748.tif,21397,10973a302dc6279869421ab1ae3886f43d2a7e391fff26a9c4838263891b497b
dem_3dep_1m,dem_3dep_1m/landslides/compilation_21756.tif,500882,310080ea1903a4115a40111504fbf92d5b0d2b5170fc81b463ecf92ba2566b39
dem_3dep_1m,dem_3dep_1m/landslides/compilation_21763.tif,25882,524760dab6afc5d9a622e22a5027d625fa360d6fd2674845f83d2e35672c30ee
dem_3dep_1m,dem_3dep_1m/landslides/compilation_22266.tif,16299,f6b9b66830d5e428280caed874ccfa2db574d564847c451eaeb494bbc5ba4b92
dem_3dep_1m,dem_3dep_1m/landslides/compilation_22268.tif,14854,6c4ace27a15469928c2bf6785804dc741d0b1e3c8434679beef444df1f44d059
dem_3dep_1m,dem_3dep_1m/landslides/compilation_22270.tif,23049,26921d390ccf96000cd64926708fdec6e867d1e1070b8be151058984c258ddba
dem_3dep_1m,dem_3dep_1m/landslides/compilation_22271.tif,31089,4e608f2ea082d594209a04461565e7d888b24d264c7099a821cdb434a42c643a
dem_3dep_1m,dem_3dep_1m/landslides/compilation_22274.tif,25218,df1c4561bb8af3ef83c98c9c6f537d029ecab461246e5be3c44c2ca4bf2f42f1
dem_3dep_1m,dem_3dep_1m/landslides/compilation_22276.tif,1076874,46c61422b2088a6621b2845c544676bd735599dde23b0d196ec6b57f7abaa9ba
dem_3dep_1m,dem_3dep_1m/landslides/compilation_22278.tif,23036,065169dea308e108efc9408883c0dd5c6dd6550d4b8ae0e8f37342590432360f
dem_3dep_1m,dem_3dep_1m/landslides/compilation_22279.tif,287756,fba9511b8c596373e11efcfbb8fb7d441e69246a831df08354df860062a0dbf2
dem_3dep_1m,dem_3dep_1m/landslides/compilation_22282.tif,32029,cc83adedac0392e3c029926d8376994ce174462853df7d33c45907e3cdd1706a
dem_3dep_1m,dem_3dep_1m/landslides/compilation_22283.tif,79309,793e3197378f2170a8a23a9a58a806952388bd68a190f7c7dae41712cbd812c1
dem_3dep_1m,dem_3dep_1m/landslides/compilation_22284.tif,13062,12d086989acd774157eba501de1a7e5a605ddc893fa8375b93dfb8b7d5feb3ed
dem_3dep_1m,dem_3dep_1m/landslides/compilation_22289.tif,34501,2cb4f4a65019c7b731f78e5761800b1d6e5603738a89dc6e9f6e0123b9e46797
dem_3dep_1m,dem_3dep_1m/landslides/compilation_22291.tif,68618,a11eb5a5e2a55d98acbc5aee2f9b498d5d9d32f313d9e65de650d0506eb58bc8
dem_3dep_1m,dem_3dep_1m/landslides/compilation_22292.tif,29832,044e128de16a8ade91358392c974d5db5968021a2d86cf33d899b63121a672e1
dem_3dep_1m,dem_3dep_1m/landslides/compilation_22293.tif,58169,4689cfa07d2976803d43b264616cdedb3817b5462f24e3d7f0a72ba31b4feb59
dem_3dep_1m,dem_3dep_1m/landslides/compilation_22294.tif,19172,a1ad2f482716e3b9f3ce7376917c694da3ba8df7a79558043875d9fd67d5f05d
dem_3dep_1m,dem_3dep_1m/landslides/compilation_22295.tif,16674,7f7cc2a0bed1221c26366e9887c0322396edbb0a218315c239174465cc791e0f
dem_3dep_1m,dem_3dep_1m/landslides/compilation_22296.tif,2255409,7ea9899c34c710daf638388ab22d7e03e5e31364869d34873b6d32c8c40b0252
dem_3dep_1m,dem_3dep_1m/landslides/compilation_22297.tif,42922,616d5dc66855af25e0280d3ed7307254b450ce8bdfd50f7c3c8a46a3c5547b19
dem_3dep_1m,dem_3dep_1m/landslides/compilation_22303.tif,715674,9228f2fb3c03f4b43766e689f87bc7fc172db096e30b25805c1304eec9d12bd9
dem_3dep_1m,dem_3dep_1m/landslides/compilation_22304.tif,39742,cfe82d9ac87f351fe4e980e3f62df37971a0c6d85d0def1fcd9ec2d421e47c03
dem_3dep_1m,dem_3dep_1m/landslides/compilation_22311.tif,1003631,3e196a8a2e1693b3d0e655f56ea1c1b84f555699b451e96a10a5f45c118170fb
dem_3dep_1m,dem_3dep_1m/landslides/compilation_22312.tif,230385,eb7fcf803aeb6e54f16a65a8afdb859f8614ff71b211f364caefbca194839756
dem_3dep_1m,dem_3dep_1m/landslides/compilation_22634.tif,21473,feb8b7a46d6c9529f6c58c0a809919b8a23bb832c50ee953a08aa1377bb3bb00
dem_3dep_1m,dem_3dep_1m/landslides/compilation_22635.tif,16638,6f8faec2d015d486935bb502c785d16b1c3ea04fa7e20490f0e04e60f707443b
dem_3dep_1m,dem_3dep_1m/landslides/compilation_22637.tif,52939,4a8994f14ec601b27d0fb90842417aad65110cb1762cdf73ff42751619d19b69
dem_3dep_1m,dem_3dep_1m/landslides/compilation_22638.tif,28933,dc70731707e5935fff7dadc624a30172ea5496dd50de84ad09a1f132155142a5
dem_3dep_1m,dem_3dep_1m/landslides/compilation_22641.tif,18844,ae0f91a724d0d1848e61f98d73a1ab75558f4937d10cd9f9fdf1c1edcb3259fa
dem_3dep_1m,dem_3dep_1m/landslides/compilation_22642.tif,29732,5fb22abc7f8c0fb9125fde8853d1b45ed66b45b1465775d9b7445552b32885b9
dem_3dep_1m,dem_3dep_1m/landslides/compilation_22643.tif,38019,8063a606e5eb3f9131b9e300b03fe472ae3095ef87af6dcbcfc2467a4a72e524
dem_3dep_1m,dem_3dep_1m/landslides/compilation_22644.tif,16658,8183dfbde050297cd37218d89e9d8e1f72d86d5b6cb6033f470d81416acba5ed
dem_3dep_1m,dem_3dep_1m/landslides/compilation_22645.tif,18741,3b8d180ed723e6d71966409c322f6b7e634f79e7a4e326559ae65c23166f9f1e
dem_3dep_1m,dem_3dep_1m/landslides/compilation_22648.tif,25020,f619e0e68429fdd13ab3c353480af41a80ac7b86aabcefda9efd6b98ad0ba66b
dem_3dep_1m,dem_3dep_1m/landslides/compilation_22650.tif,36936,cd28462fb9742b163c1f573ab7d90c4ae8b86b178bb1cf0bed54628a16d63feb
dem_3dep_1m,dem_3dep_1m/landslides/compilation_22651.tif,14537,7585b75c3d57af50bb9032671aa1666ea08c0453d24d97f9d0203c721f7b3cd9
dem_3dep_1m,dem_3dep_1m/landslides/compilation_22652.tif,19559,5ab0a09394d8b95076bdb196cfce7c4f2ffaf0b320734cd340489f0afd06f319
dem_3dep_1m,dem_3dep_1m/landslides/compilation_22653.tif,33920,8004926785233d8d1a8a331ddafe71109bb4c9f0d7296bb2a17895d186f23ce0
dem_3dep_1m,dem_3dep_1m/landslides/compilation_22654.tif,20419,1162ec695fe348c8251225d8e1b38e2ad0d964b9cab10aeaa14fd98a0fae3201
dem_3dep_1m,dem_3dep_1m/landslides/compilation_22655.tif,33764,7b6915ae815d37790a54cd6a56737b02e70030768d0ba063bce7d2ab80065730
dem_3dep_1m,dem_3dep_1m/landslides/compilation_22679.tif,101026,8632f9b2b4430a6d903f81c5accf0c7d6aef5ae11349cb57a352bb8f2211648d
dem_3dep_1m,dem_3dep_1m/landslides/compilation_22855.tif,35913,3e7976cc80e804901759b3f99b123654408f019e87687f6c2a509c2cdc179843
dem_3dep_1m,dem_3dep_1m/landslides/compilation_22858.tif,174634,675d5f38c1f4d13b90bea96b6e391e16edce2ff4716a0e30128bb6e914a1957b
dem_3dep_1m,dem_3dep_1m/landslides/compilation_22859.tif,28439,edb0785178713d9e8039fc13e53ab7b1be70ac9d0e7392e7905fcca1095055f7
dem_3dep_1m,dem_3dep_1m/landslides/compilation_22861.tif,39393,89f3b6317debe10d3413d26ad67ab458d57b7279f5d1b910269d8c5214e37a7e
dem_3dep_1m,dem_3dep_1m/landslides/compilation_22862.tif,32236,013db5f9e83285c45db0b7d55998338d37a1e95dba412075c0d28a25ac075219
dem_3dep_1m,dem_3dep_1m/landslides/compilation_22864.tif,148812,26fe280ea415050f2c2c175e905daeea0a24c948c5a01397253814adfe8399e2
dem_3dep_1m,dem_3dep_1m/landslides/compilation_22866.tif,21671,aeb993ee4075a6ab2a4e5a730dbb0de92be4b42bf56ffeea4f6d908ba20a1298
dem_3dep_1m,dem_3dep_1m/landslides/compilation_22867.tif,16636,54c0c8d5df39e0f65dd796e2fe54df94409b1a0a650e0120b21fc6682657388d
dem_3dep_1m,dem_3dep_1m/landslides/compilation_22868.tif,75732,273b1da117d833341186757748daa98c0dc034f22fd6775699509951cd35ea79
dem_3dep_1m,dem_3dep_1m/landslides/compilation_22869.tif,18569,dbb3bafa8ad8923182ac49f3d7eee102cc1a68a4810fc4e51f83cf023d43a978
dem_3dep_1m,dem_3dep_1m/landslides/compilation_22870.tif,43138,39d8c9f410e596772494454016bf885e3f93d1f5593e292103c269034ed776a5
dem_3dep_1m,dem_3dep_1m/landslides/compilation_22871.tif,25699,b1055baef7e83ba4a3934948a70e98f2570cd21b332bc337922e7f059e1c559d
dem_3dep_1m,dem_3dep_1m/landslides/compilation_22872.tif,50879,014c3cd8b6a43978efb7c682bf2c02d138417dd3ddd30c26601138c08505b71c
dem_3dep_1m,dem_3dep_1m/landslides/compilation_22998.tif,10977,d9733460b57f49ca71ed63d859dc6b01261f280925b4f71b41de20011e6496eb
dem_3dep_1m,dem_3dep_1m/landslides/compilation_23000.tif,41460,8c0b7d20ab3138bc8f29eb4776a566eeb7c6b019bb037e0454f8f25744829b95
dem_3dep_1m,dem_3dep_1m/landslides/compilation_23001.tif,25077,b037a4ff204286d5117322023b5ab92615de90cbbec414c31e4d4f39a53dfd6d
dem_3dep_1m,dem_3dep_1m/landslides/compilation_23002.tif,31747,4d0bebb27e427ba14c38ac873a5e2fc7c7fb7294ed639f57f18afae178d2be60
dem_3dep_1m,dem_3dep_1m/landslides/compilation_23003.tif,16421,406940db07e702441f44593899cce0835290cb7189ebd69955b0aa28a1a78cfb
dem_3dep_1m,dem_3dep_1m/landslides/compilation_23004.tif,35027,959693ba8d490be5ea96efe5c95b482e915a6d6adf3d869c6baeab4a3786cd40
dem_3dep_1m,dem_3dep_1m/landslides/compilation_23005.tif,54792,09cbe073d0318270ff92e74f582ec70659654ff0fae855c3afc9a017d81ab9a9
dem_3dep_1m,dem_3dep_1m/landslides/compilation_23006.tif,31525,7fe83bb28e654a9c0e189bc89ab38585a763eee9c33190f97e1bb89d952fa530
dem_3dep_1m,dem_3dep_1m/landslides/compilation_23008.tif,15605,a4f7e6f9b3c18078760459e57d33ce11aef0baa28d223b4744bf1d86bb1d9ca9
dem_3dep_1m,dem_3dep_1m/landslides/compilation_23020.tif,338725,612ee7abf1fc76866bff04b05ba6c12373a089e96b4475a1a0213626b873a2d1
dem_3dep_1m,dem_3dep_1m/landslides/compilation_23026.tif,34787264,e5c867161fa3de9ae5608317fde66e1f26a3f65b5df0fb88d32f8a6a5a6762b2
dem_3dep_1m,dem_3dep_1m/landslides/compilation_23030.tif,2147044,86592a37ee675fbeb68cdb1667cab42b37b2164604d2ef7103d74c47c460b9df
dem_3dep_1m,dem_3dep_1m/landslides/compilation_23317.tif,24144,f4b0a3b66611d323b22209eb882e5ff2e60bfaef74bbc75721cf62ff9fd887f8
dem_3dep_1m,dem_3dep_1m/landslides/compilation_23320.tif,25775,89a09153f67329e598f748454371e702ccbf00b0122c8485c7cac2622dfdbca9
dem_3dep_1m,dem_3dep_1m/landslides/compilation_23322.tif,22128,fcecfb57c6b1e164f058e36ed1086ca4b81937ad3646fb3b3119495ef60e5495
dem_3dep_1m,dem_3dep_1m/landslides/compilation_23329.tif,24128,ba8f187bfb58a92654ca384728ea8afdd82985406cec3ffe3199a6350485b680
dem_3dep_1m,dem_3dep_1m/landslides/compilation_23330.tif,49950,6419ec11cca30a696f00a93b9511d062fcb8cca58d6fc5e3cd26ae39b1cd8973
dem_3dep_1m,dem_3dep_1m/landslides/compilation_23331.tif,27680,73c0d76b984f5e3dbf580e07af88c541f41b4c799b021f01701ce4ee1100e8d1
dem_3dep_1m,dem_3dep_1m/landslides/compilation_23332.tif,44535,ef50770127d1c0e118499064d7d445f24acb6a0de3859e70ce4d6cd1d830c859
dem_3dep_1m,dem_3dep_1m/landslides/compilation_23333.tif,15044,2bdef1b94f3e73f9fd2de8d5982b6eee90b6ccf9dbe0e4a0444df207c67ce921
dem_3dep_1m,dem_3dep_1m/landslides/compilation_23334.tif,85924,56509b3a8d806d216f8b01a54e34afc2ee8f790e68d82ee247335f3e5965b7b4
dem_3dep_1m,dem_3dep_1m/landslides/compilation_23335.tif,45710,08f5b8a9f8e62d2ab61efb6c67ad4df9d9d69c6ba931470eae74358d0ded8798
dem_3dep_1m,dem_3dep_1m/landslides/compilation_23336.tif,100559,5cad5eca5cb293a8d13762c0051a956692d063fdef05d9c2671ce67e09dacb11
dem_3dep_1m,dem_3dep_1m/landslides/compilation_23337.tif,24622,c4ec6be24591d2388a7f4bcb2d31d5eab4969ef1e03c2ccab7b3f11ae6891920
dem_3dep_1m,dem_3dep_1m/landslides/compilation_23338.tif,22645,7c3565cbedfb4c449dda2155c87692a54b4c4e846b6d64d403a6ea15e878f09e
dem_3dep_1m,dem_3dep_1m/landslides/compilation_23339.tif,14676,d9b4864d2be9235c1372802294b058bbe0216c6ae5f7cec72e300dc3877adeaf
dem_3dep_1m,dem_3dep_1m/landslides/compilation_23340.tif,31710,a93b849121e6fcda0d712790af4e685e2c27e0774602268165c3def86f7b2628
dem_3dep_1m,dem_3dep_1m/landslides/compilation_23350.tif,458768,e5d67b3e9be4a12f9ed5d8352288dead3950fbdc97bce2d3fa768669b80e53b5
dem_3dep_1m,dem_3dep_1m/landslides/compilation_23666.tif,25051,1fb0c62c080e215f5948744789a46f98b1ee9284f54e0bbf7ce30a5a128d90a9
dem_3dep_1m,dem_3dep_1m/landslides/compilation_23667.tif,34598,39e27ef6aaac1ad19194222bfc333b2919c31a79adf75e2f517877ca8bfb9b49
dem_3dep_1m,dem_3dep_1m/landslides/compilation_23668.tif,20278,2d9440de7f713c914cffbd773992b69a97d6f2c5cc1be64543e0dc6b87284f8c
dem_3dep_1m,dem_3dep_1m/landslides/compilation_23669.tif,14228,7df581da90ffe0180f94d51a9352f5900748a8cf91d40beec7d27020836fddbb
dem_3dep_1m,dem_3dep_1m/landslides/compilation_23670.tif,11449,0a0d954eaead42ebbdd0805056fb43920bd200ffe18076c1b4435381e2dff74c
dem_3dep_1m,dem_3dep_1m/landslides/compilation_23671.tif,36858,0e1efec841fee6dd93262d6ae0ae4354ab6a2dd5a2e88ff2cbbf259a08d77950
dem_3dep_1m,dem_3dep_1m/landslides/compilation_23672.tif,30280,9e7653a8b82d43d0f37aa2e0c153d479872c1e44bd25e10cb2e611969fb2b16f
dem_3dep_1m,dem_3dep_1m/landslides/compilation_23675.tif,22174,8dc7c07416aea3c509412e0aefb39418f602ab1d68efd2fa92ea96734d8d713d
dem_3dep_1m,dem_3dep_1m/landslides/compilation_23676.tif,13170,0b296926cc34d38ab5b901aa36ae77f170c72c1c69e333e91d5ce743aa99d7b3
dem_3dep_1m,dem_3dep_1m/landslides/compilation_23677.tif,45262,54e320b9ffb01e379faef354ef7714f2fe8756bca77e58e1571b03ee234b0a3f
dem_3dep_1m,dem_3dep_1m/landslides/compilation_23678.tif,50194,c93ae6f6fc219a05f9f55087d12233ef057da0d758d16076c9184b69e4181605
dem_3dep_1m,dem_3dep_1m/landslides/compilation_23679.tif,28814,f48b480176a8b76753ec796089c28ecbd1a1a2a3a9d652bc8124cc1fcaa942d1
dem_3dep_1m,dem_3dep_1m/landslides/compilation_23681.tif,34541,5ae8a4a0c5fee8c247a87039515dbb642927b5871087f9e8589ce78cc30c2f00
dem_3dep_1m,dem_3dep_1m/landslides/compilation_23682.tif,40180,8e3c1c22209178436a47be1cd44e28756e82832fa41b4e651721428c1c709450
dem_3dep_1m,dem_3dep_1m/landslides/compilation_23683.tif,16621,7ae6ff44ce250775d43b1d4be2fdd145c35408df7d0e5adfe671ef66cfe9ed70
dem_3dep_1m,dem_3dep_1m/landslides/compilation_23685.tif,27276,674ac08c086d011c51242198716473bad423741e96f3b99ba920eb5ced356298
dem_3dep_1m,dem_3dep_1m/landslides/compilation_23686.tif,29377,93341e6a12dd19141abee6567df367bd2dafc380879d99ee4d0a6ae6647ffdbd
dem_3dep_1m,dem_3dep_1m/landslides/compilation_23687.tif,33085,ab692181d2ebfcf3fa694408a9d596dadbfc488d6e79b47d778f1219cea24def
dem_3dep_1m,dem_3dep_1m/landslides/compilation_23689.tif,14983,73bdb9300d6f60b80eda9df7fdc751accc6d3f64bfc394a66eb96d4a053dd35f
dem_3dep_1m,dem_3dep_1m/landslides/compilation_23690.tif,976802,82484430cf055d02f5be335a065c06b82b17b9b498d18439311576d38aa7d2e1
dem_3dep_1m,dem_3dep_1m/landslides/compilation_23691.tif,117948,d02c353bd77accedc6ace13f3bee32f6f8c9cd1eff5e6e3c8977abbc516d695d
dem_3dep_1m,dem_3dep_1m/landslides/compilation_23980.tif,16278,75288ab07158698f7a880dc43d7738c3419b73a9e4dfd08511c0a7adabb156b6
dem_3dep_1m,dem_3dep_1m/landslides/compilation_23981.tif,13926,9b4d4b1e62807114fe8e7adea4f97902248c1887836049a697afe336962f1a3b
dem_3dep_1m,dem_3dep_1m/landslides/compilation_23983.tif,39013,994893c3948c4e77002e56e5bf5907de8b9c1bb5fdbbb2c005b02430911997e1
dem_3dep_1m,dem_3dep_1m/landslides/compilation_23984.tif,33531,5feb2bfcfda6e36bbce170a203a1109c9ebdee770babfef6fb65de12f1fd13b5
dem_3dep_1m,dem_3dep_1m/landslides/compilation_23985.tif,12660,2979647ca78cae364c4fbf76c73e32b3265f5bd3288b119e10fce8fd02ac21f1
dem_3dep_1m,dem_3dep_1m/landslides/compilation_23986.tif,15438,60d1567308db6c618e855c360fd633dee8e46b5d9e3ce9f157f7e400144c2bfa
dem_3dep_1m,dem_3dep_1m/landslides/compilation_23991.tif,26690,64e14ca71ad64b82ed338ff7d4a06a73d74c7e42982daaddecfd1c40dbd87aaf
dem_3dep_1m,dem_3dep_1m/landslides/compilation_23992.tif,83611,fb0d3f19d5c2e8e1ef4f3accd404d843e370d70e32b41d2b222dea3a4a3c5efb
dem_3dep_1m,dem_3dep_1m/landslides/compilation_23993.tif,71264,ecf2e2f574b0a99a7e85a51aebf652296d18c0bda0f8b1b21c96b22aaa8a8d75
dem_3dep_1m,dem_3dep_1m/landslides/compilation_23994.tif,57421,f66073b3766b49cb434854958d9849e3b55d8323273d8657c36439822a81ccc2
dem_3dep_1m,dem_3dep_1m/landslides/compilation_23995.tif,15182,bce774613145c148b691f31715188fec7ca6028ef04bf39a3f4a890a8f566e63
dem_3dep_1m,dem_3dep_1m/landslides/compilation_23999.tif,131740,07195ce48dd06d26c05b5e40c4ac827bce7cc467b8dd0eedee079b729c0c811e
dem_3dep_1m,dem_3dep_1m/landslides/compilation_24000.tif,72537,93fbc8bf56eebedbfee2e87b1b2bd8ac48ae58355b58559561be5e2ffd54829a
dem_3dep_1m,dem_3dep_1m/landslides/compilation_24001.tif,29419,3775aa878488c672b88648a38f3eb30e56ba935b6b4984656b8544fdf53a7997
dem_3dep_1m,dem_3dep_1m/landslides/compilation_24002.tif,27540,7edaf6275eefb82a19d980057a6a50949a96c171b81239240370f6cf9e30b626
dem_3dep_1m,dem_3dep_1m/landslides/compilation_24003.tif,19503,bcc2025b69dcbfa12721f133091277f3483caabbbc7760ccc2ef6d4f96964c21
dem_3dep_1m,dem_3dep_1m/landslides/compilation_24004.tif,28753,cdaa78481d695a06f316cbd1b04cb9df9e67dc546fe080e478b76be0268338c9
dem_3dep_1m,dem_3dep_1m/landslides/compilation_24005.tif,37516,c4c0ccb9e6a22e74d5b80cb17eb3a3cfda9861120bca7deae951f7cff8dcf594
dem_3dep_1m,dem_3dep_1m/landslides/compilation_24006.tif,51515,c6765406b1fc5b9a3f7bdf05b22c566263ef8cbdfa001ad42f95befbf6bc943f
dem_3dep_1m,dem_3dep_1m/landslides/compilation_24007.tif,24164,cb0131ef95c2f5af4399606a4ff88938cbaeea838efdee331f6a693d4873d910
dem_3dep_1m,dem_3dep_1m/landslides/compilation_24008.tif,36424,6c44ae6fa216eaad7b60d17aa8773536f7cb358a2e6349870164ec058d79a989
dem_3dep_1m,dem_3dep_1m/landslides/compilation_24010.tif,29063,7fb58135853e8feca9d361735dde0b7de3a6406eaac7c845ade9115c76d1b962
dem_3dep_1m,dem_3dep_1m/landslides/compilation_24011.tif,23396,01799ca164f9c53b4d766b8f551ffc2d4131cadaace48147141fd9c5c16a81ce
dem_3dep_1m,dem_3dep_1m/landslides/compilation_24023.tif,172021,21b1cf49ad72ad29a827684a48942c1539df2af25a1ed953e99d13a3d1c72b18
dem_3dep_1m,dem_3dep_1m/landslides/compilation_24026.tif,19236,de6fce869fe26cbacc5d021d9acee92d429a610e73b0fa10c60f77dfb26d5fb4
dem_3dep_1m,dem_3dep_1m/landslides/compilation_24028.tif,27767,6ba7fb0b4ff701fa4e49e0e01a1d0e11b1b9ba7406e29729071cb85cdd295f36
dem_3dep_1m,dem_3dep_1m/landslides/compilation_24029.tif,16743,79563f7ea152d5b1266ac8ba6932e8ef62fe8ff145aaa3b51d7b3efdaf877937
dem_3dep_1m,dem_3dep_1m/landslides/compilation_24030.tif,26072,df414adb94767c94fac71d7b509ed9785b2fcb50bc7304b71bd4eb445a91366f
dem_3dep_1m,dem_3dep_1m/landslides/compilation_24032.tif,27863,2d2b2da9882731a3c9e83a0642b3073b4eb9d1086f6bd041c9beb0157bfa73ec
dem_3dep_1m,dem_3dep_1m/landslides/compilation_24033.tif,12955,015a91f1b42904a9a2bcc6f5912c6eef8351f1a243407bfbf4e9fd197df6c470
dem_3dep_1m,dem_3dep_1m/landslides/compilation_24034.tif,27324,67ff2af74610b70c01a9dcb666ee4c8800046a1979b975efe9a5d2b42db230a8
dem_3dep_1m,dem_3dep_1m/landslides/compilation_24035.tif,25452,e2c771078d52f83836d9cc8c78976edc6c404d6823c1a13830525a2cb583b389
dem_3dep_1m,dem_3dep_1m/landslides/compilation_24036.tif,75344,3f6cd6e667a221fd8bdf313a9bc0773856411a97bc65f98545ccd98fa51c88dc
dem_3dep_1m,dem_3dep_1m/landslides/compilation_24037.tif,65692,dc45cc697449e5376642995bbd28ba7019156d8b047f86ec70a63008b9509fcb
dem_3dep_1m,dem_3dep_1m/landslides/compilation_24039.tif,45198,6aba177bb3c402941fd495144b38c246399c09f05a8979d880969bc61c92b05b
dem_3dep_1m,dem_3dep_1m/landslides/compilation_24040.tif,28751,39dbad3bc9e0927a70b89395314b36005b3816301b243008761847f9a136490a
dem_3dep_1m,dem_3dep_1m/landslides/compilation_24045.tif,101380,b349a086d0eb5a5b8d6386138627e99c3ae43bdcca3b5581b1ed0cb21d452ee7
dem_3dep_1m,dem_3dep_1m/landslides/compilation_24056.tif,91914,6c7d5b705225f109835bb9da2bf5cbe5bd8398ed4d07c0825312f0e6240f87a6
dem_3dep_1m,dem_3dep_1m/landslides/compilation_24191.tif,401610,fbcd9642700ea4e373e5126c0d2f5949519a442919792a0db91bef2664185916
dem_3dep_1m,dem_3dep_1m/landslides/compilation_24196.tif,150792,05f1aa7f5e6c801854427ccf3797923795bb915ed9b05ae3fb0be237c17a7077
dem_3dep_1m,dem_3dep_1m/landslides/compilation_24199.tif,20524,1ab9560384803db8c29606bab26b1b48c35e8454783633f63d5bb2d837dab895
dem_3dep_1m,dem_3dep_1m/landslides/compilation_24211.tif,5028005,f79a192d3cfc6afe2d3831e46949b5baf6192469c4e8a8a4b6e62e39102b5aaa
dem_3dep_1m,dem_3dep_1m/landslides/compilation_24462.tif,10149,f69a814d1be05548849a01f964552fba2df70fc489b345e936e45032a04d4fcd
dem_3dep_1m,dem_3dep_1m/landslides/compilation_24463.tif,32783,eacff7fe2deebfcf208bd59fa9d0fe770d1fae253697dbf8c43b784f88a76ac3
dem_3dep_1m,dem_3dep_1m/landslides/compilation_24465.tif,14575,cd97db2672a9d984e6acd88db684cdd5c9b192040ee1f364b384d3130ff5b85a
dem_3dep_1m,dem_3dep_1m/landslides/compilation_24466.tif,16387,876ec5589a4d465baae8170235690b6fe7a22b5b5a33cde20961f93260f4de30
dem_3dep_1m,dem_3dep_1m/landslides/compilation_24467.tif,23203,a712a4f1c4e8b50ead5b38e816909d930b95df9b6a52dfafc62c67de9c69bde4
dem_3dep_1m,dem_3dep_1m/landslides/compilation_24472.tif,42606,9f25d0b7e71479960d329576fd310097615ee0b230004386900808427c595fdc
dem_3dep_1m,dem_3dep_1m/landslides/compilation_24475.tif,47718,1d215980964abe8ffaafd49a42c66c1273b64619c395a806046d67f26e9e94df
dem_3dep_1m,dem_3dep_1m/landslides/compilation_24478.tif,60388,8f73054a1a4d6690c711e9d8efab5daf751e6bbf72d57363b440816089d5b19e
dem_3dep_1m,dem_3dep_1m/landslides/compilation_24479.tif,93685,fd407e975ec97cf2c948562777400ee0991714e61a29a0296113bcdecee54813
dem_3dep_1m,dem_3dep_1m/landslides/compilation_24480.tif,14426,cba8da713f8d8811de677d16973089aaf523948ab8f8d5e16844f3b0ed7e2f09
dem_3dep_1m,dem_3dep_1m/landslides/compilation_24481.tif,38893,fb78f568316c5e514719bfd4a02eaca6a26b5382784785666d6f211357f1d1bf
dem_3dep_1m,dem_3dep_1m/landslides/compilation_24482.tif,18716,ad5ab9e2d76c8bace2c92f3df1d66d3afe6551690c37a7dd5c24248552d94155
dem_3dep_1m,dem_3dep_1m/landslides/compilation_24484.tif,54997,2720231eb0421d679af2f7aa3efa33824a8112ec6703a3f1c744616daf2fd6a9
dem_3dep_1m,dem_3dep_1m/landslides/compilation_24485.tif,134718,cacae77636391a3fc1cc41f8bd45d0d3b05df5a56a619871eebe6c8815880384
dem_3dep_1m,dem_3dep_1m/landslides/compilation_24487.tif,17847,3f6b61556293adafca484ecdb81ed289f641740ba5eaba9298340e1b08c1d795
dem_3dep_1m,dem_3dep_1m/landslides/compilation_24488.tif,11685,e5a77b6955fb55e689616ab09564401d63e8fbcfdce161fe4225ee323052a764
dem_3dep_1m,dem_3dep_1m/landslides/compilation_24489.tif,16556,73172806243db2e0d2266fce846d0e127cc0a4d8b61cc9f307efd721455b1330
dem_3dep_1m,dem_3dep_1m/landslides/compilation_24490.tif,21826,b9440896d0402ee56b70cea467c8c8ab51804a1d2a4e941c1b1de2ce2bec00d2
dem_3dep_1m,dem_3dep_1m/landslides/compilation_24492.tif,20436,5630ee51729a186647e1d679602442b531e4477a04a38c9ec0961d7c563721a4
dem_3dep_1m,dem_3dep_1m/landslides/compilation_24493.tif,30583,2733758140c98ef06a98b29fd97c71ce70da52882cb4a49281eb042a3ce865b5
dem_3dep_1m,dem_3dep_1m/landslides/compilation_24494.tif,26385,04b7c72e4a0b93033985272faec6a1abe63a839210b3cde5f071623112842009
dem_3dep_1m,dem_3dep_1m/landslides/compilation_24495.tif,26037,471c6b87eb83d2ac08a230916d058cbde0ad3b650f3668db73792f952c4fe38d
dem_3dep_1m,dem_3dep_1m/landslides/compilation_24496.tif,45495,ab437eaba97dc66db22c9f2ec9cf08c4cc518ca94a0632bea79cb5573570a047
dem_3dep_1m,dem_3dep_1m/landslides/compilation_24497.tif,20157,74e1ac360d31912959cf1573e6e745d5b9a45f3bd92e252b0072f324e291bbf1
dem_3dep_1m,dem_3dep_1m/landslides/compilation_24498.tif,33507,fd37d17628353d42a38ed5e3b6b3eb6e942436771180a9d48da6ffe0b9526ba0
dem_3dep_1m,dem_3dep_1m/landslides/compilation_24501.tif,558875,2aa6dc637dd2a4d1320a09753315300f97715f748a13afe975f873e48093dcec
dem_3dep_1m,dem_3dep_1m/landslides/compilation_24502.tif,165257,fe65e4c3b764f40e3d8b1e1cddb62128630d8eef60997338e3938c847a78493d
dem_3dep_1m,dem_3dep_1m/landslides/compilation_24504.tif,432925,771c50218e0d07c1e22a10a2c9d439bcfcb6e0a5f886798896100fe3e303264b
dem_3dep_1m,dem_3dep_1m/landslides/compilation_24509.tif,82137,9627500e7097d52921e6b22bf43439bb449ad8e9448ea13ac0fc3d49b2a8ee18
dem_3dep_1m,dem_3dep_1m/landslides/compilation_25012.tif,35739,b8f5362e6b06f34c48bc2dd5e46064528fdcd731cee144233447e6af27daa85b
dem_3dep_1m,dem_3dep_1m/landslides/compilation_25013.tif,18338,b6a452998d21fc69c76b4248e60800fc35229753be4d9597e43a2ad04b7c2391
dem_3dep_1m,dem_3dep_1m/landslides/compilation_25016.tif,13751,f4e2750e16ec30e31bb621a923aed4a3f92bd3d56eda33dee04f95f22e2ffb6b
dem_3dep_1m,dem_3dep_1m/landslides/compilation_25018.tif,28187,34f063b100647d28090ee247882b9679997092d1c8eaa946d86c9553e979f98d
dem_3dep_1m,dem_3dep_1m/landslides/compilation_25019.tif,56411,7ea4b3feb26934c7545c051e05dfc3e96b08e72cf9f17679ecd70eb52dfd44bb
dem_3dep_1m,dem_3dep_1m/landslides/compilation_25021.tif,21469,577c3078a1f654a236c1a76a6fecd01b09a9bdef4b3281049fb172e97c64a3d9
dem_3dep_1m,dem_3dep_1m/landslides/compilation_25022.tif,14837,f1657fe2d9eef362aefd1fc29d4f8f33be83a0985a52bd9d898fbfca5e8094a3
dem_3dep_1m,dem_3dep_1m/landslides/compilation_25023.tif,87964,068af531e7021a550a4abf5a78c64333b5c0f445a37d515a30c5f307ada0765b
dem_3dep_1m,dem_3dep_1m/landslides/compilation_25025.tif,28963,96a60b8313bcdacd6da29e40f9930f336a934e3bc360edafc2d11df5fcdfd9bd
dem_3dep_1m,dem_3dep_1m/landslides/compilation_25026.tif,23101,d46f6541c3b624095bfeb3b7edca97a216a233df2de613b676636dd0f7b48980
dem_3dep_1m,dem_3dep_1m/landslides/compilation_25027.tif,13764,d3d7d1349e799b680cbeeae78e4fcf007db3e4c7815144591a3b6358b3d4e05c
dem_3dep_1m,dem_3dep_1m/landslides/compilation_25028.tif,26232,c244ac1cbbd3d7091201eff10f992a888c8a842b8e463c3a84f7d49ab9616f6f
dem_3dep_1m,dem_3dep_1m/landslides/compilation_25029.tif,34174,b8165dc9f0f6ff05714e60032a34e9e02d4fb2ad14bf11122c6a5123c75921b1
dem_3dep_1m,dem_3dep_1m/landslides/compilation_25030.tif,40286,b0bd446116dbe4c2d30fa338dffcce06f0247eed9a50fd15fbacd7664cd2818c
dem_3dep_1m,dem_3dep_1m/landslides/compilation_25031.tif,12030,36120bc49a7f105b651e154b83f2183a8327b3420d3d15225b1e756e3f0db023
dem_3dep_1m,dem_3dep_1m/landslides/compilation_25045.tif,77923,ce957a96136622433d8013d16f2a5a252124fb1db06a8d0feecdc1971d57f2fa
dem_3dep_1m,dem_3dep_1m/landslides/compilation_25340.tif,8616,3110fd576819bd3b38fb2bf2404fb896394f4b002f46663986f16a19aaf3298c
dem_3dep_1m,dem_3dep_1m/landslides/compilation_25341.tif,26691,8e369d587a64f771b6d9e4d5ce1d5b86a8e89f483ca7d0b63625ebb2cec9bda4
dem_3dep_1m,dem_3dep_1m/landslides/compilation_25342.tif,47259,93e5a95fed2c34199411ceb3510b231dad7299de02919f74951cdd65ab3f5955
dem_3dep_1m,dem_3dep_1m/landslides/compilation_25343.tif,39906,b65a9e7ab77c70d2077afb56779a30dbe5978399816fc8fec8858fc8f2de1fe6
dem_3dep_1m,dem_3dep_1m/landslides/compilation_25345.tif,164129,7e6e3ffb9e33535c4f96dc363251d51fa4ec1544e68874ae8b92148ce252efd8
dem_3dep_1m,dem_3dep_1m/landslides/compilation_25346.tif,34218,699b7361c6db951c322221c47de304fba2efa5f80766401934e9ed897cb91a7b
dem_3dep_1m,dem_3dep_1m/landslides/compilation_25347.tif,35570,0d167e878f50a47476c58509dd6d183017e2344e519c36b66d8d7d31a135ee96
dem_3dep_1m,dem_3dep_1m/landslides/compilation_25350.tif,27744,b984631e20b83696af681329065bea0fe790e8c9ee23eba0034d1f7f9fd26dad
dem_3dep_1m,dem_3dep_1m/landslides/compilation_25351.tif,18424,015ebba3df5bf4f9fb59ce7327c468e7d559e511e65bdaef9c2284542213d2a7
dem_3dep_1m,dem_3dep_1m/landslides/compilation_25352.tif,20895,d683c2c9a5721c6364c05c1fa33a63be219bbb0533e60fbf307e4d40abeb6ef7
dem_3dep_1m,dem_3dep_1m/landslides/compilation_25353.tif,38666,91d11708c280d607228b19d0e2e810e5ff08e986a8ccf54da27580915e604279
dem_3dep_1m,dem_3dep_1m/landslides/compilation_25356.tif,47460,aa1e182b35fcb0f7be6f1722b44d8bf1bc7e6c5ec5ba37e77f14e0ac1b1c21e1
dem_3dep_1m,dem_3dep_1m/landslides/compilation_25357.tif,37123,642bc79fa42869d5d574ca1021511ab173e08648ec81c086089749555d3dbfc6
dem_3dep_1m,dem_3dep_1m/landslides/compilation_25358.tif,42342,55ad17eb851a127982b610f9ee0b27504d29aea5fed86f4e0ac40d2ead95ce1f
dem_3dep_1m,dem_3dep_1m/landslides/compilation_25359.tif,12569,f52a45f1d61b6710c101702f8484960473eea0c4959cffcf56bcfa9041e1d8a9
dem_3dep_1m,dem_3dep_1m/landslides/compilation_25360.tif,43166,fa342286d0e9a5fbe74553ee5656ff78ab8f6f9007b663cfd4156c33d5315790
dem_3dep_1m,dem_3dep_1m/landslides/compilation_25361.tif,22708,9321b12fb24f6215813d03fafc2ecd0b1bee76b6589efbd3fbdb06755fec2d2e
dem_3dep_1m,dem_3dep_1m/landslides/compilation_25365.tif,38702,5b25b85edce57145d45074635a292274c16e6e4ec647524581374cf92fd2f0cc
dem_3dep_1m,dem_3dep_1m/landslides/compilation_25375.tif,79540,7a82dcacc1f849abc7af9e8c83a2a916eef8bbc36d28f0bb4cf034881aae95f6
dem_3dep_1m,dem_3dep_1m/landslides/compilation_25378.tif,768281,eac4d256ffa729e17b1d18143c3c1523cf0d5a8fba9bf8ad36affa876c01938b
dem_3dep_1m,dem_3dep_1m/landslides/compilation_25379.tif,51458,15a9b6c80ecd5a50933a4aca35710344d7acaceb82db9464dfddd5c840bef69f
dem_3dep_1m,dem_3dep_1m/landslides/compilation_25531.tif,19441,9d06e6cebde33f344536443818621fc3278627331e3c30f77c45018a65ea6af2
dem_3dep_1m,dem_3dep_1m/landslides/compilation_25532.tif,23595,94d988d30ba5ec104b9c0c15d2e98b6dadc17a8bbb1eec826c6af900f811fd2a
dem_3dep_1m,dem_3dep_1m/landslides/compilation_25533.tif,17565,861b0258ac185ebda8b97a6790b7dda920ddaf31cee9b4c5191526e03dc5f624
dem_3dep_1m,dem_3dep_1m/landslides/compilation_25534.tif,15270,656a68ce9885f67db8766a6304cb6c169b960a522b2b1b0bcf8fe02a6f92f794
dem_3dep_1m,dem_3dep_1m/landslides/compilation_25540.tif,29127,851b896bcff3d860aaa7002950dff6d43cd321364e0a1a72643ab60e64326186
dem_3dep_1m,dem_3dep_1m/landslides/compilation_25541.tif,422459,f002894b0746435efe8667ab9c1b8122cd6c91df39e3680f0f8b63c84ae9b99d
dem_3dep_1m,dem_3dep_1m/landslides/compilation_25670.tif,11359,a853aeff7205bd0ceb23c5feed01603f3b1f7d26e5d9a97b1dbb993e9619846f
dem_3dep_1m,dem_3dep_1m/landslides/compilation_25671.tif,24490,4f90968737fb58fa25226b753548f50a19f7d772be9e027005075031f9f7d09e
dem_3dep_1m,dem_3dep_1m/landslides/compilation_25672.tif,21001,6e2c897118dc79102250be8283dbd9267ada99a05687a86eea08cba56d9f1566
dem_3dep_1m,dem_3dep_1m/landslides/compilation_25673.tif,33269,cc0d9e761d1bc58932933dad59b2de9ac436f75185e016f1ce39602de1791062
dem_3dep_1m,dem_3dep_1m/landslides/compilation_25674.tif,42563,5264a3c02f38382bca69253e465f15fd03e00acb1d6aa9fd97417e868fe4115d
dem_3dep_1m,dem_3dep_1m/landslides/compilation_25683.tif,910430,0b017fc50a3b05ce2053aa81d05e49415d19eca98a0161679145c70d819b9b45
dem_3dep_1m,dem_3dep_1m/landslides/compilation_26003.tif,19004,c12640539f056d0b2bafd091655441984d52f81ef0c4e37d0b968a6f357e96d3
dem_3dep_1m,dem_3dep_1m/landslides/compilation_26004.tif,22987,dc083ec30949740e097ce13e053dbcb1a680ce2216b9b936230982548208534c
dem_3dep_1m,dem_3dep_1m/landslides/compilation_26005.tif,120988,1c620ee37cf14a5eb1c4b6c15d24e8fb05b5bbbe6f053f5ed6d5e2ac156d5bfb
dem_3dep_1m,dem_3dep_1m/landslides/compilation_26006.tif,28684,6ccfc3ff9c74a7c4cd88ab723b8c0e947090e3045e88c9de0483bff14d2b39bc
dem_3dep_1m,dem_3dep_1m/landslides/compilation_26009.tif,22988,c72fc1d40c31a12df3112a04f39a06240d99a4920384d6887d5c965a6f9b7c92
dem_3dep_1m,dem_3dep_1m/landslides/compilation_26010.tif,27575,64d53b29d050575f0b0272c01ac4df7cdb93ddfcbd01ac0c1ee6e4736ccca04a
dem_3dep_1m,dem_3dep_1m/landslides/compilation_26011.tif,26695,bc685a3aa668cd0bf5404dbdb6994a1dfc08c89697c619e30a01cf3a4deeb8f8
dem_3dep_1m,dem_3dep_1m/landslides/compilation_26012.tif,103284,30163a55e2a4796ebc91af870516313fb6f36e452fc6603cde266c0cf399722a
dem_3dep_1m,dem_3dep_1m/landslides/compilation_26014.tif,29633,a571c8a62e8042087ea12a5f5b810ec93268eb206b19cae319dfd57a84ee7f09
dem_3dep_1m,dem_3dep_1m/landslides/compilation_26015.tif,38472,a796b67850dee44168b01c51cadb112a57f60b554e905097b9999186268c19dc
dem_3dep_1m,dem_3dep_1m/landslides/compilation_26018.tif,13563,1ce665cb9407a86b4d01e72930163eb2b2fac329c8e19eb5e7abbb5015ff8a11
dem_3dep_1m,dem_3dep_1m/landslides/compilation_26019.tif,21026,17c1c2ddfc4a339fdf551a3faa2c3fa17d02904006129dc54e0cb12443bb39a7
dem_3dep_1m,dem_3dep_1m/landslides/compilation_26020.tif,42812,f17368dcfc8bf432a59393078f96fbab8d7bb22360ec0f00b9a8ad9dbcc69a03
dem_3dep_1m,dem_3dep_1m/landslides/compilation_26021.tif,36684,f077d4e338c9b2e2cdae2f870b9ebf95edce68c37507690a0749e638623c9827
dem_3dep_1m,dem_3dep_1m/landslides/compilation_26023.tif,31588,1c278c68c0827eb4a05800b2a4582374b831b280d7172fb84f0dc90cff928537
dem_3dep_1m,dem_3dep_1m/landslides/compilation_26025.tif,21617,f357858f76fbc63e129083dd05688c45ed6e9b04633acad60a813a1b94c0ace1
dem_3dep_1m,dem_3dep_1m/landslides/compilation_26035.tif,94609,191382280fdcd04aeb70c106835fa7f3f684f580e5a1be76f6f2c1dac8f648d4
dem_3dep_1m,dem_3dep_1m/landslides/compilation_26344.tif,22223,7ec6358c8d19a06954175f4c16cdac26982f8501ad96aef62d8e67b690324a2d
dem_3dep_1m,dem_3dep_1m/landslides/compilation_26346.tif,23810,a39803e37873f0cc7cee4172f2d2de947e2da9d24ab7d20aff79c09d2f34b289
dem_3dep_1m,dem_3dep_1m/landslides/compilation_26348.tif,13110,503d64d394dbb5f61e2581fbd3ade1a88d5539219224e5e1bef3bc23ceabf82b
dem_3dep_1m,dem_3dep_1m/landslides/compilation_26351.tif,25253,753d350df0ed39343cefd886f778a2bd45dc23701d4652de7ad7c1d3773719d6
dem_3dep_1m,dem_3dep_1m/landslides/compilation_26352.tif,35367,b06f4f6bc4759d748108246eba146925360150c799c1c8bdcb387811346e3b19
dem_3dep_1m,dem_3dep_1m/landslides/compilation_26355.tif,14337,18052c4af6e367703ff280b9c39dd5ff6236e709656edd2296008b0a83e85163
dem_3dep_1m,dem_3dep_1m/landslides/compilation_26357.tif,24362,e828ca4976b47a6afd6b69eced79fbb9976584ea28a7fdb0acc1bd398f194b83
dem_3dep_1m,dem_3dep_1m/landslides/compilation_26360.tif,33287,1d9db220ed1b0841de65965a651e31a4989fe3597ba23d74e52aa8fff31df6f1
dem_3dep_1m,dem_3dep_1m/landslides/compilation_26361.tif,25072,fd5db69688c66cb51483cbe39d2c68622999b9cbe52443a31aa077e4c5addf88
dem_3dep_1m,dem_3dep_1m/landslides/compilation_26362.tif,16526,18e1bab122b13dd8b357ba62dd6c18c2109f2087ee44bd8b28beca44c45e0469
dem_3dep_1m,dem_3dep_1m/landslides/compilation_26363.tif,34391,f5f5f184e3cf6267284ab7537cce650441a481bc33dd6b4c19699b873eccc5b2
dem_3dep_1m,dem_3dep_1m/landslides/compilation_26364.tif,16937,dcc2696eff6ce93f5ac2ec3f99227cbfbf5b5126f79eddf24f133a318720f5f8
dem_3dep_1m,dem_3dep_1m/landslides/compilation_26365.tif,27670,b7297a2f6c7bf16961a44f2f22cf656aacd6b2fdce4ed26521f0a098b4cd6ec1
dem_3dep_1m,dem_3dep_1m/landslides/compilation_26366.tif,22606,4421d2458103be94f74492e8a8ea73f663e96b87e94148afdf93424baba7e89b
dem_3dep_1m,dem_3dep_1m/landslides/compilation_26367.tif,36124,64d438f86150ccf57e2e818e13684800e5c788609cc256992087182067b33d5b
dem_3dep_1m,dem_3dep_1m/landslides/compilation_26368.tif,25671,ac35a40521bf19e098d1f60f0b4a5c2c772a98be9ee2366554b803cac3d00c51
dem_3dep_1m,dem_3dep_1m/landslides/compilation_26369.tif,23718,785f2ee2fdc9784cb0559c00b56a8e3ea97e16f8abf3ad495fc324aadd9ed089
dem_3dep_1m,dem_3dep_1m/landslides/compilation_26370.tif,59182,408207889fe0fe51d34a64f11c2b2fa6ca6d1422e286509a52ed51692429dc01
dem_3dep_1m,dem_3dep_1m/landslides/compilation_26371.tif,24442,565f88ef47e39eb568f32e43928c7dc587ec62f71420a553e74cf49ce19bebb7
dem_3dep_1m,dem_3dep_1m/landslides/compilation_26372.tif,27801,4b3bb580793807b9ca2826be859c979ddebd797189adbd5c1af3785ee5528cb2
dem_3dep_1m,dem_3dep_1m/landslides/compilation_26373.tif,29630,8b929804d4ab30a208f16eb642616a64cb40284e508eb1fb3fda304ee62b77c6
dem_3dep_1m,dem_3dep_1m/landslides/compilation_26384.tif,66194,872b81bc48f4f3c51bbf829d6c47a4fa0df031c8349150695bd18a471b34b488
dem_3dep_1m,dem_3dep_1m/landslides/compilation_26387.tif,124142,ba70b6efaa99615546a98b60aad31e817972bed9a1a80502d9e184aa40ef5500
dem_3dep_1m,dem_3dep_1m/landslides/compilation_26683.tif,13207,144a5b340e88e3e4e53cb8de11885f29f3cb3c3d29a146cf1808b2268b01d0e5
dem_3dep_1m,dem_3dep_1m/landslides/compilation_26686.tif,19149,61cb277ed54d477b8a7062076764d44ddf7a58f2ed93b1acf5f022cdfb3447e3
dem_3dep_1m,dem_3dep_1m/landslides/compilation_26689.tif,75808,4ce7c1de9fdc20d119939a634862d9b5364435180c8afab22b4964a039bb1863
dem_3dep_1m,dem_3dep_1m/landslides/compilation_26693.tif,114068,211b534a67d52d716f8235634a0786ac5c78ef1411e233009b1aee82a1026cc2
dem_3dep_1m,dem_3dep_1m/landslides/compilation_26694.tif,27303,fd7031d83c620fb2284094ce3e8b5f13933a4cc3e8b30568c2060f7eb4fb1dc1
dem_3dep_1m,dem_3dep_1m/landslides/compilation_26695.tif,79443,d4234adcb73925432a03e2c880c20c5917df2622def1cb421597ab8206354fab
dem_3dep_1m,dem_3dep_1m/landslides/compilation_26696.tif,44933,5e7d63b2ba64ccfcc4ed950cfe9769a2ad72e1692df4c3ee587e37637c637090
dem_3dep_1m,dem_3dep_1m/landslides/compilation_26697.tif,26619,290ba411a7d79bacd231785a948fe2fd0574544a2a1b6db2d36d2e1a2c46c6b1
dem_3dep_1m,dem_3dep_1m/landslides/compilation_26700.tif,11149,fdc6af6bdd0e92e6f4a0d6cb46445db28a1bbd7c2fea8d360106c70efe1a64a7
dem_3dep_1m,dem_3dep_1m/landslides/compilation_26701.tif,45412,afae9c555ae19036a3a2b2bb616fc3ecf78df6219e04c8496a8a35df0ea7a20a
dem_3dep_1m,dem_3dep_1m/landslides/compilation_26702.tif,32096,315d82d363f8a3f43a569e77640949d01647692f9dbd2e2f0fe7ab25a5743e87
dem_3dep_1m,dem_3dep_1m/landslides/compilation_26703.tif,172927,6ab061da962bff7e9ab8b597189086b78c438ad8c9867b74e9b3a145c924867c
dem_3dep_1m,dem_3dep_1m/landslides/compilation_26704.tif,40508,ababeaf6460a7a7f602c253920e9801ad35b700f0bf23d5b41f64e7c38c2fe2b
dem_3dep_1m,dem_3dep_1m/landslides/compilation_26705.tif,51869,978388c4ff2153d58ae1110b826965d9486610fc157ba75d5d715ccbd8dfd33c
dem_3dep_1m,dem_3dep_1m/landslides/compilation_26706.tif,25591,4cdb309aae6156e637ef247c412ce298728af190dbf53ba91b481b6e9c9653b8
dem_3dep_1m,dem_3dep_1m/landslides/compilation_26709.tif,11672,df75bc79d13191b64d880f96a7b4de80bc9908a833d993d298c57ae5efa1d988
dem_3dep_1m,dem_3dep_1m/landslides/compilation_26710.tif,57709,fd4d1de7a53b25e5bd53834b9a92bed1da1bfb8c34d1267aefb335f4f5d49c9c
dem_3dep_1m,dem_3dep_1m/landslides/compilation_26733.tif,23001,df0ee238dfd3961c67348b3b12c354cdadf12ca1fcbdb890b0754b94df9d1ac6
dem_3dep_1m,dem_3dep_1m/landslides/compilation_26734.tif,18097,55784465e422023cbb3d065ddc33df9e19ba7bb4791eda74ed575ef4f98f8bce
dem_3dep_1m,dem_3dep_1m/landslides/compilation_26740.tif,22670,0f6f653a69ffad626380f39c71b83f39b883eeabbde4ec32186714f0e906b26a
dem_3dep_1m,dem_3dep_1m/landslides/compilation_26743.tif,20018,6c090644838a0602aef8d83b423dc34d4e710695d86c6815123317c26f3c82d2
dem_3dep_1m,dem_3dep_1m/landslides/compilation_26745.tif,23659,7fef11b631ae8feba85291a83177fc7c64fe93ce6d3bd70202f5939cf8de1739
dem_3dep_1m,dem_3dep_1m/landslides/compilation_26748.tif,20116,42522f9fead6e66d9b72ffc1356089ab38b5d20ba333d654952f1bc3757d1a69
dem_3dep_1m,dem_3dep_1m/landslides/compilation_26749.tif,42998,74cba60fb880a5eaa204b2c67763b09758f6f1f6e60399a6bd028d1158c41206
dem_3dep_1m,dem_3dep_1m/landslides/compilation_26750.tif,15722,cdac83651c086b747223a8751d370eefce99346fff28d2c8c5210304bc70e81a
dem_3dep_1m,dem_3dep_1m/landslides/compilation_26751.tif,29810,b94671881d8644f4c849ec5a190710a6ded8e3915af235b3acf447572e27595e
dem_3dep_1m,dem_3dep_1m/landslides/compilation_26752.tif,32722,8e17dc9ef165343e50a6efdb176f6fa437f0798a528c610fbc7127f31623e55e
dem_3dep_1m,dem_3dep_1m/landslides/compilation_26753.tif,34588,39b97246edb4ffdd76703de85ac1ab0d4eccd4fcc4d3355d4f9833fc0f62d7c8
dem_3dep_1m,dem_3dep_1m/landslides/compilation_26754.tif,21118,a051f8b74fcb6f285e1a0e6a7f523c383bce35e96160862efa873dfd8a3160fc
dem_3dep_1m,dem_3dep_1m/landslides/compilation_26755.tif,20227,998e2b1d8c49f79331608626ebcf19682d2b907788e5bfbbd1475e916220772c
dem_3dep_1m,dem_3dep_1m/landslides/compilation_26758.tif,22225,5771e722ea7452405aaadf65cbe5be7e17c6cc22b1433a11970141ad977d3c65
dem_3dep_1m,dem_3dep_1m/landslides/compilation_26763.tif,199761,e545b5b43325b3c0e5a57bf90198935a8d3b953eaa5203947c4fefd4346b2667
dem_3dep_1m,dem_3dep_1m/landslides/compilation_26770.tif,68825,dc608536ed2b9cc804c00eeb625f0f5eb2ca9bff318c1d01cdd1c13840b93695
dem_3dep_1m,dem_3dep_1m/landslides/compilation_26774.tif,54632,8b80562a684d9e207b77619f46d14ec18a8cd728d4068a9795674c24a6311fa3
dem_3dep_1m,dem_3dep_1m/landslides/compilation_26777.tif,199033,0eb037491f60877db11af44b42748c8af26d127c3c349bff5efed489dd24d5e1
dem_3dep_1m,dem_3dep_1m/landslides/compilation_26887.tif,19422313,b0d9e3440c5b25eaead76b970c71adc9fee29439f940b4d07dc5dad2fdd7b27d
dem_3dep_1m,dem_3dep_1m/landslides/compilation_27183.tif,23831,3212fb6b2c72f44c17b5a7323dd624ce8316351e4bf6c17dc758c1dbd8f8a4cb
dem_3dep_1m,dem_3dep_1m/landslides/compilation_27184.tif,24409,3353461b2acb99ee29a3fee2ea4cba835029fa2923bc1b35d17c6ca1f87475b6
dem_3dep_1m,dem_3dep_1m/landslides/compilation_27185.tif,23458,4b66a539350e5fe0b87e459fbfc3825436d5de0fb43bb6d8738680c676e025ed
dem_3dep_1m,dem_3dep_1m/landslides/compilation_27187.tif,22066,aba0baa1c6911ea3ca2c0be667e8763b6a2879c6b31b6210cb39e390df285f06
dem_3dep_1m,dem_3dep_1m/landslides/compilation_27188.tif,13427,baab916a6787f33ee9ad97d0bfb2805432006f14039e2af160663fbf65ef1237
dem_3dep_1m,dem_3dep_1m/landslides/compilation_27191.tif,83436,0d16eca232e1606b005fa103ebffa05fb70693d1a38af3aee9b4181785f9c793
dem_3dep_1m,dem_3dep_1m/landslides/compilation_27193.tif,61654,53d68ba3885a4a6a17282d0de900f819fb90011c46f7506fb238c84640a58bc1
dem_3dep_1m,dem_3dep_1m/landslides/compilation_27194.tif,1594235,d1ad82c3d8ed1c1d41bbdfc81a8474652724f504839c84328d611ab06cbe6a27
dem_3dep_1m,dem_3dep_1m/landslides/compilation_27196.tif,27155,6de9fc4aec1d854eb20d72d33461785bce1f47156976c773834a00cb8d724d7a
dem_3dep_1m,dem_3dep_1m/landslides/compilation_27197.tif,121624,b41ecce7019c18dbadf5f5fd77ad65e5d6cedb25cf1409ee7c4d8013f82fef00
dem_3dep_1m,dem_3dep_1m/landslides/compilation_27198.tif,18567,c113cdc0c73d28bbc51c320f3bfcdc6d93b773e3f414a3d816682912453c7194
dem_3dep_1m,dem_3dep_1m/landslides/compilation_27199.tif,12121,fea01cffc8021fef48e3b20783e4d2459d7fa3d87e30ab5d5fbb83abfbc36f2a
dem_3dep_1m,dem_3dep_1m/landslides/compilation_27200.tif,39247,777950cb1e57dfa384708e64290d9a16fdd1d4bc51bf5f15631fd6405d0ed38a
dem_3dep_1m,dem_3dep_1m/landslides/compilation_27208.tif,189533,b1c0ef8c12c3e6b65eb5718f165c558c9cf004172bb0b743249c7d6816db7a00
dem_3dep_1m,dem_3dep_1m/landslides/compilation_27720.tif,58103,9b28d264c8d6afd297813b1c5737ef282fc59f0baa7d60dac32d68fb5a3b4ac2
dem_3dep_1m,dem_3dep_1m/landslides/compilation_27721.tif,24147,b3bc5d1e21f5bed2150622ba309ed3d2a3bf0b955845980dab169029066ace4f
dem_3dep_1m,dem_3dep_1m/landslides/compilation_27728.tif,112094,0364fad50d0754aebf7f7266dd402d40341dab517f08a8a6236c43cca1df331e
dem_3dep_1m,dem_3dep_1m/landslides/compilation_27730.tif,25896,643fc9a53d8f92aa692bed0373294539672504d1227c975f273acee7e6b62a5e
dem_3dep_1m,dem_3dep_1m/landslides/compilation_27736.tif,15820,8a44087e100f9b006fda362054a95ea24ec90217702f9f79014be6fc6d965274
dem_3dep_1m,dem_3dep_1m/landslides/compilation_27737.tif,26123,657f4c66f6ba2038ef4919f3878a3d5d4b6bd242c1b999f3502d17841b2a7b63
dem_3dep_1m,dem_3dep_1m/landslides/compilation_27738.tif,21638,81bf6c4641a20f23a5d6eb29cdf66f54d4156d4612c54ba7e319922fa27beda3
dem_3dep_1m,dem_3dep_1m/landslides/compilation_27740.tif,53368,6c9aef4162c169dcd4180949c65102e45ee9c8c793b1517d85844990fa0448ba
dem_3dep_1m,dem_3dep_1m/landslides/compilation_27742.tif,48472,32dace7329c119f17343a2d7a75dd4679a6e8b9e2fba5feb3cb1cef600a6e487
dem_3dep_1m,dem_3dep_1m/landslides/compilation_27743.tif,33901,3cdb60685c4199c2ab381444a3ec4065add7ed1edde1f8f777559d6a35026a20
dem_3dep_1m,dem_3dep_1m/landslides/compilation_27744.tif,35004,0192c5cda58eb79102fb6285a64b917374870a462d3c018e2433e507319e2448
dem_3dep_1m,dem_3dep_1m/landslides/compilation_27746.tif,34310,1eb2755bf9bd0274c3f6e49adc6c3ab798b443e0566c7f8fb3955b1c77ebecb9
dem_3dep_1m,dem_3dep_1m/landslides/compilation_27747.tif,13883,e3c4b31b437f32184af3cc2e1d6a5d8f185fe8f200663b7d9757b73fed85b94d
dem_3dep_1m,dem_3dep_1m/landslides/compilation_27762.tif,92472,ba905e0e6885064fec5ea5f9e0dcaf1fb0639927b25014a12059bd616d41d9e9
dem_3dep_1m,dem_3dep_1m/landslides/compilation_28063.tif,39060,44cdd80fc85823d2a4a8b9c501f43c141ff7ca54d3940b00a53c352dc8d196b3
dem_3dep_1m,dem_3dep_1m/landslides/compilation_28066.tif,39830,108a5b80e2b7605d3c86f0ae6db22a6c1b3fcd68ea488f244c12fbaf2ac30a95
dem_3dep_1m,dem_3dep_1m/landslides/compilation_28067.tif,16914,582c8940dfcd50f8bdd4e694f5bc8ef81f1b3627340a93d16b0255703e9f8317
dem_3dep_1m,dem_3dep_1m/landslides/compilation_28068.tif,26720,834f0498d520e52d336c35a9e4d03e9fbf9e80cc63d6d727e41c1fe1a02d3180
dem_3dep_1m,dem_3dep_1m/landslides/compilation_28069.tif,36355,802a5936829f9ac3aeaa47f659c9fc06bfcf668ecb045eac06d8e296d3b8a10d
dem_3dep_1m,dem_3dep_1m/landslides/compilation_28070.tif,25986,6bf8b04ddae7deb7dab57e186f2f6bdd0d0d50425aff7afe242cb889e5aca519
dem_3dep_1m,dem_3dep_1m/landslides/compilation_28071.tif,11111,ce84b1a22cd08c0fc1a1ca592357404c3f90014f00dd831b6b54014938891895
dem_3dep_1m,dem_3dep_1m/landslides/compilation_28073.tif,47985,48cbb1b614f0adb4329d4ee199dec78580bcef8f5c704db12caad94f9deecf1a
dem_3dep_1m,dem_3dep_1m/landslides/compilation_28078.tif,27170,539206fef0989bffc50b2447e759ffbf9164eb879bf7a5ea19b75d416b49a4f1
dem_3dep_1m,dem_3dep_1m/landslides/compilation_28080.tif,65584,3b7f3719a615a4b4f1d63704f9783ad8bbf58dd2a30887c86965b92150081329
dem_3dep_1m,dem_3dep_1m/landslides/compilation_28083.tif,34052,928acb5cc3e5f957da1870fb0ae73c380e1258c8d284c02998e5074c29b72551
dem_3dep_1m,dem_3dep_1m/landslides/compilation_28087.tif,17712,3c2aeaaa06edb1ec0fc867b67a09dc5e877799b53e32694ac6be43cb0bdd217d
dem_3dep_1m,dem_3dep_1m/landslides/compilation_28088.tif,13306,a64aac3579c560bdfddeb90d86510644352aab295c5249296119c3af22ad5c60
dem_3dep_1m,dem_3dep_1m/landslides/compilation_28089.tif,34937,e0f9b63b3b275c3334526e01bf1df017cab82c6de89831bd151cb35bd2778a0f
dem_3dep_1m,dem_3dep_1m/landslides/compilation_28090.tif,19955,698969331918eb75fc3fc78b7a8d285fd7c2ce05b21ddbaea527937ebe6986a2
dem_3dep_1m,dem_3dep_1m/landslides/compilation_28092.tif,33036,3966e0bd3241f96e0714b39d577a66e96bc293098f57cb7d95ccbbfb6c146677
dem_3dep_1m,dem_3dep_1m/landslides/compilation_28100.tif,24979,865189a9884f821ae1612f67aefeb4f40f7a5c854140d64996c42abe957a4095
dem_3dep_1m,dem_3dep_1m/landslides/compilation_28102.tif,920244,f6198123464d1350ca7479f05dae79073046ce27091d9d61721bdb29b5e7b8fc
dem_3dep_1m,dem_3dep_1m/landslides/compilation_28270.tif,19707,1702064afb6567714ef985d3d3dbce38ac983a74df002f618f85219a2b73600b
dem_3dep_1m,dem_3dep_1m/landslides/compilation_28271.tif,34741,a0bc36c386d2f972bb96e66998458821e9790921ab614c9db294f27cdf517178
dem_3dep_1m,dem_3dep_1m/landslides/compilation_28272.tif,32673,61353086bb5a6e3e97d908e9fd50ccc5afd373cc4eb21f311faf2efc408d2b07
dem_3dep_1m,dem_3dep_1m/landslides/compilation_28273.tif,22873,5027be1f0c20df9acaddd9c00255e1b47f6b5be5be55a244cf40964f6484eca1
dem_3dep_1m,dem_3dep_1m/landslides/compilation_28276.tif,24264,48c6c7c7f3edc4be8d3697db3cb63d818df7784e38d0f5202f5f2bf37e6ec345
dem_3dep_1m,dem_3dep_1m/landslides/compilation_28277.tif,20812,bbee9b51c24af3a2f074bc53b26433f51d296fe7610ecc9183e2a5c0ebb8675e
dem_3dep_1m,dem_3dep_1m/landslides/compilation_28278.tif,29647,8761e6c4346caa6694dd75a084feb8ed738fc3f469058b075cce74f7c31b5f6b
dem_3dep_1m,dem_3dep_1m/landslides/compilation_28279.tif,71930,6a5d08d0575d6823dc87550bfe4f7a3d836a308d0ec980314e80bc9f2b28ebea
dem_3dep_1m,dem_3dep_1m/landslides/compilation_28282.tif,86429,ddc0a904d5b78f94a272f3e84533781bf16f011b9bb8fa33b59e63db4f914007
dem_3dep_1m,dem_3dep_1m/landslides/compilation_28283.tif,33738,208256f6f5dcec6bd7b65bb8d62d956cc7f82304d4ee7abd2302f5b9d658a6e0
dem_3dep_1m,dem_3dep_1m/landslides/compilation_28417.tif,38856,2c607c396fc16f9f004d1d97693487daaab3ae1d0b6ae69b0f636a0f787b9621
dem_3dep_1m,dem_3dep_1m/landslides/compilation_28418.tif,57135,fe0663f7a3dc4c041dabd0ec60e423e2eff9eb8c8e711bdeedd623c6445af83b
dem_3dep_1m,dem_3dep_1m/landslides/compilation_28706.tif,14354,c85bbdab82832175cd1552d3991c8d6be0ecf666236972cbaa33b7a81c72dcbf
dem_3dep_1m,dem_3dep_1m/landslides/compilation_28707.tif,42468,9ac15ccb09fe977c245eb5eb2f132a31c22d413bec720bf7e1ecc4f9031fb127
dem_3dep_1m,dem_3dep_1m/landslides/compilation_28708.tif,22365,3b9b27a1241cee23b10fed231967aaed1bb5fa431c4ce3da709bd27a8a312a36
dem_3dep_1m,dem_3dep_1m/landslides/compilation_28710.tif,81937,a1491872f43e77ab5fe4cbc4bad5685baea0599650b80374775d56518fe347e8
dem_3dep_1m,dem_3dep_1m/landslides/compilation_28712.tif,19010,a31aa0031e132f8ac24c58a20feb346e5cbe0a0bb3e0772c7fbad31ad51a2f75
dem_3dep_1m,dem_3dep_1m/landslides/compilation_28714.tif,25537,a97d54dd87b6a19f6c67a1c40e9417a534ece21d54642f741e060e92d9d2ded9
dem_3dep_1m,dem_3dep_1m/landslides/compilation_28715.tif,26261,77a27776f916407ce19afe93620a1b44d43df8446c5af49c1f3197c1da10c17e
dem_3dep_1m,dem_3dep_1m/landslides/compilation_28717.tif,15255,0ed59f002930869c28039f937f0dfffc71d6ae50b94f7eff9a6fa96ce67f6593
dem_3dep_1m,dem_3dep_1m/landslides/compilation_28718.tif,28169,07690078f09227eb58ce990b10fbf651fb7880392c291c34197d867414973f9c
dem_3dep_1m,dem_3dep_1m/landslides/compilation_28721.tif,99929,fd9f4192a9ff14f0216b48490d5b5e5bf27aa817f6c737dd057520b38c6f03cc
dem_3dep_1m,dem_3dep_1m/landslides/compilation_28724.tif,26370,3fc0f78a6da5f6d1e391f3c1d357eeb06bf1d67044de0f9b6c2481b731334aaf
dem_3dep_1m,dem_3dep_1m/landslides/compilation_28725.tif,14828,e9706be67c4b414947af29146d60cd3ea62dad0ddffecf67716f542357839e6b
dem_3dep_1m,dem_3dep_1m/landslides/compilation_28729.tif,62235,7414b59b5345bede6348d5971668e384f296a143dbbcecb880be267c8c24e8f9
dem_3dep_1m,dem_3dep_1m/landslides/compilation_28730.tif,24576,8165f99f8735a278ed2950e4fd81dc300de1eb10d33600de6e37c905fca862d0
dem_3dep_1m,dem_3dep_1m/landslides/compilation_28735.tif,19871,c6612d4999229f5e7d28e94e797f59065e84efe736c19b774b1310d5f3fc9a92
dem_3dep_1m,dem_3dep_1m/landslides/compilation_28736.tif,37344,482bea5776447b63834f9a240b42d852612883efe0ac0a7d78e852b08b404685
dem_3dep_1m,dem_3dep_1m/landslides/compilation_28737.tif,14792,5fbdbbeeab19a96ccb9be25b3ea14ea660d542bf55903d8d3e1ecbeac19acf96
dem_3dep_1m,dem_3dep_1m/landslides/compilation_28738.tif,86720,4a687a7ef9e57bbde0a9bfba9fd6a95a49bc299844356c8287726bcf5d159f9b
dem_3dep_1m,dem_3dep_1m/landslides/compilation_28739.tif,23456,3ad0c78ca9c70801fc1fdaabaa2f5d1fc81a66d5574f79e7462d213b6a5be3aa
dem_3dep_1m,dem_3dep_1m/landslides/compilation_28740.tif,39389,f42fef2f95d638665cf7db0254d5517f05b4824707feeaa65f45240b7f5f24bf
dem_3dep_1m,dem_3dep_1m/landslides/compilation_28744.tif,38183,fe5e20b7699d306d083fb6de73d26ff14ade6bb887b4de87a5fbf87e2bd97a59
dem_3dep_1m,dem_3dep_1m/landslides/compilation_28746.tif,35254,ad6007fc19e20e6a5817d5d2ee0e0d861c6d0807325200e6d139e169d6e101fe
dem_3dep_1m,dem_3dep_1m/landslides/compilation_29063.tif,21436,b8ab35fa9ad658cda09463555b72c5ddbe6c64ad6c47cfb9171298112f0a825f
dem_3dep_1m,dem_3dep_1m/landslides/compilation_29065.tif,25759,b496a48d1d467b8a68afe33d7bfc785cd6d641c8d0c29ad896c5451ddb0cadb4
dem_3dep_1m,dem_3dep_1m/landslides/compilation_29067.tif,44472,831d1da542fb720985ab51a242d75c3b9b12a8b248f0e7ff2416af5119bd63d1
dem_3dep_1m,dem_3dep_1m/landslides/compilation_29068.tif,28754,cf25ff7421a88996caa8d42a3c3ff17c76bf82daba8504b02e6ffb2a91c7e2df
dem_3dep_1m,dem_3dep_1m/landslides/compilation_29075.tif,22963,87573c1abe7854179f07c83171044abecd35b3b517edd33907c5641ec68872f9
dem_3dep_1m,dem_3dep_1m/landslides/compilation_29076.tif,17029,5a976b926344d3fe56fefea8d8bc152a72dd520678042495b05ec12aaf79078c
dem_3dep_1m,dem_3dep_1m/landslides/compilation_29077.tif,10720,2afee2f7e1198319d87c356510b939e692721eae3663f935ebecacd95fffa65a
dem_3dep_1m,dem_3dep_1m/landslides/compilation_29078.tif,23288,dc3683d7594ad3333776ad15130fe574ead034a4edc14760dda65a15084d4f9b
dem_3dep_1m,dem_3dep_1m/landslides/compilation_29079.tif,14381,a091c3db9f0ab9a802a498f2b0309a9087b1fd587f49eaf8462e6665333445c1
dem_3dep_1m,dem_3dep_1m/landslides/compilation_29081.tif,87559,05fddeabdc3daf8d5b7b86590c3568fa35485eff55f10e85e27b774a9cc90226
dem_3dep_1m,dem_3dep_1m/landslides/compilation_29083.tif,50849,2c1f484d444700f33d44b0198fca83593fe20aa165b24222c070fa21695a5248
dem_3dep_1m,dem_3dep_1m/landslides/compilation_29085.tif,36585,8157385aa5fad02a27969fba99d484139d919ede249ef1af75c1b7af9aceebb9
dem_3dep_1m,dem_3dep_1m/landslides/compilation_29086.tif,12100,25c98b8def63283b48c3893ce422beaf1874e51b37da54b6214c46065ac75a7a
dem_3dep_1m,dem_3dep_1m/landslides/compilation_29087.tif,23750,d4a6f6c0b930b2f8f9cb718839a24fc467cb2c8106a814b28a80b573cdd200a6
dem_3dep_1m,dem_3dep_1m/landslides/compilation_29098.tif,30853,ad81fc37bd96861ff61e8fe1be1c3c0fa933aa50715383dcd18f96970eefa689
dem_3dep_1m,dem_3dep_1m/landslides/compilation_291.tif,523702,8f94562cdf235602805d5f920f19a9a1acb631ba878d97f3461deabbc780faf7
dem_3dep_1m,dem_3dep_1m/landslides/compilation_293.tif,1639537,4132ffe3989a2eba38dcf9004e1606ec8b4797e1de40fd0268016206e6cd6d4b
dem_3dep_1m,dem_3dep_1m/landslides/compilation_29374.tif,18503,793b3395e55a07a7cc1bf6cb91924a5bd5d03efab6bb14d2a095e82ed62e2f76
dem_3dep_1m,dem_3dep_1m/landslides/compilation_29375.tif,23628,1970beb7e21c1e5a7ccf5ac565a405f697ffd13ba37a451a3792e213e971ca34
dem_3dep_1m,dem_3dep_1m/landslides/compilation_29376.tif,184653,0dfd32e15eeab4e9c1dd8431bb6ad6e338703e9370e751998187dd3da3ac4bd4
dem_3dep_1m,dem_3dep_1m/landslides/compilation_29377.tif,15610,9fff63c3a8b291f3d4eab44b07f6de25f8ab5256cfdae242b3368e1273adce42
dem_3dep_1m,dem_3dep_1m/landslides/compilation_29378.tif,15804,1c2841d0e9797a309291517e129d2b86603a48aa58018c94f5034f4ef3af7eb4
dem_3dep_1m,dem_3dep_1m/landslides/compilation_29379.tif,28710,b98c446cb1555e280f4639585a614e7fdb797e9902f300bc9a31ee9b85a1c1f0
dem_3dep_1m,dem_3dep_1m/landslides/compilation_29380.tif,25662,4e86d8f0808a0b6acb4e5dce81286dc3faf25a2d62edf538081d0170ec0131f6
dem_3dep_1m,dem_3dep_1m/landslides/compilation_29381.tif,24930,41cb88062c278a0a51f5bf69b7b7e90824ce363041b5b826df90fdeed1bd901c
dem_3dep_1m,dem_3dep_1m/landslides/compilation_29383.tif,31802,55abe563c0e9835addde670276bfe71b02adfc55e21274ca4edfa0dd01d58082
dem_3dep_1m,dem_3dep_1m/landslides/compilation_29385.tif,115245,5fc31009a2916e0acafa1905a3a15f1f15d2b93cd55121e406c94e52de01ce22
dem_3dep_1m,dem_3dep_1m/landslides/compilation_29389.tif,29143,8736e815f1589d3fe5ed5fce3f60d61661326a9a1396ce473279c3d402a1628a
dem_3dep_1m,dem_3dep_1m/landslides/compilation_29390.tif,31975,acb7fcaaf0ec769a900df6bff881c899ca3877bd5e1f456d2ecb79bdb2146a9c
dem_3dep_1m,dem_3dep_1m/landslides/compilation_29391.tif,24439,a34b782556e14dd8d7b8cb2881eaeb2bac81d4ffe2cb0202be46aa997686fbf7
dem_3dep_1m,dem_3dep_1m/landslides/compilation_29392.tif,33052,61cc50a16e62c0bfd697011939b6b98b3be9ecd93fd11a7caa0044c7e29a6329
dem_3dep_1m,dem_3dep_1m/landslides/compilation_29393.tif,9966,7b44ec5b69908b1cbcc37ee79ec7705a297d2eea6f9b659319be8f7effc7d5d5
dem_3dep_1m,dem_3dep_1m/landslides/compilation_29394.tif,10182,c27d66ab4e46f8783ae0d74a58c97b5b0ad1658879c9eb202e106bb198c701ae
dem_3dep_1m,dem_3dep_1m/landslides/compilation_29395.tif,29940,aa9e9dfcf108b4d30fb643752a77dea075f4fbabbca2174fa046818665760b25
dem_3dep_1m,dem_3dep_1m/landslides/compilation_29396.tif,14116,613779e94557ccfecf2be11ca109d4351516a04cf18f77f64f9134fd42e59cb1
dem_3dep_1m,dem_3dep_1m/landslides/compilation_294.tif,610212,95f21a9bcb9dcd2ef9bfb9e9e613108f7c690b524875f2f886ca80039469dd60
dem_3dep_1m,dem_3dep_1m/landslides/compilation_29415.tif,31147,fe91a61a86e89ce9a4b4c0da24d49bd0841356add4b842686bb0f3ff1a0ce994
dem_3dep_1m,dem_3dep_1m/landslides/compilation_29416.tif,23396,efe3121697de2985e51734f6d138e0be1d990a9159c4de561258df72d47efa35
dem_3dep_1m,dem_3dep_1m/landslides/compilation_29417.tif,26462,abf2a10dc09df8b0258e6ba2384f62ae7d5d97b12f0ff7b9bbb15912b1e5077c
dem_3dep_1m,dem_3dep_1m/landslides/compilation_29418.tif,19166,c55147c426e71600865d509b31b1343dc24aa882ce837b098c93430901ca8224
dem_3dep_1m,dem_3dep_1m/landslides/compilation_29419.tif,29068,ab1d226491f7216c1301b8eb80c8bbd063d466128417f25c43370ad1f8525530
dem_3dep_1m,dem_3dep_1m/landslides/compilation_29420.tif,22212,6effdc0065aecead2976af2ea1887b12ef50dfb44050c256bbff0eb946b343f8
dem_3dep_1m,dem_3dep_1m/landslides/compilation_29421.tif,21912,7097c2deabc2adf825df2ecf9d36c08ef7f5829011542f5c382f1738367c832b
dem_3dep_1m,dem_3dep_1m/landslides/compilation_29422.tif,20694,044cee4dedc20cc56103b5404693702709451364c4cf69598c34c597363b94cc
dem_3dep_1m,dem_3dep_1m/landslides/compilation_29423.tif,27368,26383634f449552b5e3be27ce5cb65fa7f8f5861b02f4430d87c44bd2d63e563
dem_3dep_1m,dem_3dep_1m/landslides/compilation_29424.tif,19575,6f9fd67d23d8024852c4c2ef0d2a61ca99a092c57fab0fe88129c22a1c2896dd
dem_3dep_1m,dem_3dep_1m/landslides/compilation_29425.tif,23551,9d49e78b157d3877f1307994d077e95ee29e675925d573634e50c8b2be740562
dem_3dep_1m,dem_3dep_1m/landslides/compilation_29426.tif,25531,7bea8436ee8bf7921c245f7173648239bbf603fec576929d4eadce35b02c185c
dem_3dep_1m,dem_3dep_1m/landslides/compilation_29427.tif,10165,3ed39a8a7d7ca3a103d51435493a51eb3f283dbcb6deed8d6ea0cab246e2f932
dem_3dep_1m,dem_3dep_1m/landslides/compilation_29431.tif,35541,34f27c5897ae5f16ee6b4ecf876da782e035aea874709f7c77be984e5cac84e6
dem_3dep_1m,dem_3dep_1m/landslides/compilation_29433.tif,10667,e56bb6792b990c30550f30f38a374448e659b6d925974bf543361ce58ec3966e
dem_3dep_1m,dem_3dep_1m/landslides/compilation_29434.tif,10228,5d089e581cc326e8fc2dc0639d3e0af186d8ba3df7d166f2b32233114eec7f6b
dem_3dep_1m,dem_3dep_1m/landslides/compilation_29445.tif,997825,78d78dfbb83c72b9e8f8acbdcc1c063eac07b4a5eaa04e098cddddce7039d4fd
dem_3dep_1m,dem_3dep_1m/landslides/compilation_29566.tif,474279,7b6e6a463471521cb61c4105bffcf7374c5202b5e8876919cfaaab813d27b9b9
dem_3dep_1m,dem_3dep_1m/landslides/compilation_29572.tif,35429,f97fc87a8223fb65027c37d312abb8fd79634aa3343aed19913768b43094624e
dem_3dep_1m,dem_3dep_1m/landslides/compilation_29573.tif,72533,44b1d99b53f7b96156219e2ee014fbd2c4a10c669a26544175b1500b2ec2e186
dem_3dep_1m,dem_3dep_1m/landslides/compilation_29874.tif,21046,ea8083d87f331a4cd6be28830225e986992f7f9b106410af5fd467080258cbdb
dem_3dep_1m,dem_3dep_1m/landslides/compilation_29875.tif,27199,f11e95b899838d8989297243dca34e5d945516f02608534e659cc26877d42756
dem_3dep_1m,dem_3dep_1m/landslides/compilation_29877.tif,26618,2a10a2f58a81427110c193020c2aefa9464204da942131781e47914c6adcccb0
dem_3dep_1m,dem_3dep_1m/landslides/compilation_29880.tif,30486,e7b73a52958b034bdd99d8353cffb8e624387b9508f6618a5260ffb7ac58d962
dem_3dep_1m,dem_3dep_1m/landslides/compilation_29881.tif,18907,5cdc8f01cb32e6c8f44a07b4b4f266472983c0cf3133acdeca5c2c9089aaad55
dem_3dep_1m,dem_3dep_1m/landslides/compilation_29882.tif,20593,517c7bd0b86bef60e5e1c984271c85552af0a147b4265e7bff32555279d5f718
dem_3dep_1m,dem_3dep_1m/landslides/compilation_29883.tif,15576,116abee638b55283d79b6ba70c6524a6a9ca2672ca96da6fe6464de03fbbf8ad
dem_3dep_1m,dem_3dep_1m/landslides/compilation_29885.tif,25232,72c7d40f7ff52545c8659c08de9357e0a31aa349b624d872812a37bb24ccb5ac
dem_3dep_1m,dem_3dep_1m/landslides/compilation_29886.tif,42761,b785865a17de17366bc1a35a36dee9086a3c5be87e7dd3c98129749f9f2b7235
dem_3dep_1m,dem_3dep_1m/landslides/compilation_29888.tif,73160,c22a34f627dabf8204d610a06099272343c6cdee4c7ed0a3e83f84db260f1767
dem_3dep_1m,dem_3dep_1m/landslides/compilation_29891.tif,25371,5a4a149fbb883104263822c93bacf3d0f029ff7759fc294fd47888bdd90ad046
dem_3dep_1m,dem_3dep_1m/landslides/compilation_29892.tif,40708,c0be9e056d086bc67d51fcff745ea4627c181b1dbfab54456022c418ade883f0
dem_3dep_1m,dem_3dep_1m/landslides/compilation_29893.tif,38544,6b7e6815d56df6365b11b274ed04ed28fae6ca9538de319dd87f4c7795e4732e
dem_3dep_1m,dem_3dep_1m/landslides/compilation_29911.tif,79844,a0f807c098d15282e9fdd852cf79274ffdbf255d064c2139f6936ec5fb5501ea
dem_3dep_1m,dem_3dep_1m/landslides/compilation_30400.tif,44637,9cd71bd1599703be8f8d351b2782d2fceb938cfa02489821b9b83cc984f4d0b8
dem_3dep_1m,dem_3dep_1m/landslides/compilation_30401.tif,36022,0a2d243a94d7a546c2c6a65e433f7fd5b4d5abd4aaa8af7931d2bc7402c7e28f
dem_3dep_1m,dem_3dep_1m/landslides/compilation_30402.tif,26597,926b7e5e09b3e90814c74e97589edddb0fc40de9c5079647c5be931527392372
dem_3dep_1m,dem_3dep_1m/landslides/compilation_30403.tif,20129,cdd35964ff3a6519e600f89345179de2822f734e8091e7e299cf664137f85aea
dem_3dep_1m,dem_3dep_1m/landslides/compilation_30404.tif,53723,19dd49614a920f8816753ec8b843ce280028f3b35c8e4f95637ceccc92053862
dem_3dep_1m,dem_3dep_1m/landslides/compilation_30405.tif,19551,91355b24fae017629981fc2932a7b92a1b6e2b566cdd46ca697b81d86c120d15
dem_3dep_1m,dem_3dep_1m/landslides/compilation_30406.tif,34266,e62a2eae270b92a14234f5c2b6168c227975082386a195d2f8de725b913021b5
dem_3dep_1m,dem_3dep_1m/landslides/compilation_30407.tif,23494,da9a71a90fde313354c03171c6297e38eda9f4e41431ac5d8f12091ff4bfda0b
dem_3dep_1m,dem_3dep_1m/landslides/compilation_30408.tif,40821,042e6a77f5874083687f3310aae359a1e7f0ca2aebfc1dfcfa2bd79b92c8f309
dem_3dep_1m,dem_3dep_1m/landslides/compilation_30410.tif,55832,c75e6ee42ca886a51974d37f679a3eef9b92c0b7d87142966a97ed0432289804
dem_3dep_1m,dem_3dep_1m/landslides/compilation_30412.tif,22386,dcbfc3c6845251b496dd8bbf89e30c350e7106384fbf2d8e1cfbe096b1825cf2
dem_3dep_1m,dem_3dep_1m/landslides/compilation_30413.tif,47923,5973906bce027af3cce57c32fbc43da8dd54d6714a59e541051eeb12a2268da7
dem_3dep_1m,dem_3dep_1m/landslides/compilation_30414.tif,22055,97c8bd62a981acbbdcadeffcbc81c26f581de8c0f097de4e7be1bae5e0f8dc51
dem_3dep_1m,dem_3dep_1m/landslides/compilation_30415.tif,40355,e757d1810d47ca41cff928774fbf003a36ca65977c1ccd88566c8252d2c591c0
dem_3dep_1m,dem_3dep_1m/landslides/compilation_30416.tif,102964,ee6b8051e9e35504d920e555da252274d24871791d511eede7016fcf0db52bd5
dem_3dep_1m,dem_3dep_1m/landslides/compilation_30417.tif,26150,3e5888d530ae1c8cbc828723af5fe38783746648daaa92590b42495772967e24
dem_3dep_1m,dem_3dep_1m/landslides/compilation_30419.tif,26180,943d97bf4f43e16ee6e410434cd55c24a4f8bb5fd462b5638b2aa6e681fe11e3
dem_3dep_1m,dem_3dep_1m/landslides/compilation_30420.tif,24453,f5c622f95a34c89d2d16af37e946be9831ddd7ccb6938991ce995c6c19b4252f
dem_3dep_1m,dem_3dep_1m/landslides/compilation_30421.tif,37468,b1a1a86c5a5f804b87424f45c4f04c742a3ce9d8aca1695277c3abc9f775da04
dem_3dep_1m,dem_3dep_1m/landslides/compilation_30422.tif,33555,5fe180a4b4c8a8ed65c726a595068cc1d2756338258ca4d4e4f325a320303e23
dem_3dep_1m,dem_3dep_1m/landslides/compilation_30425.tif,31998,dd03c097a823db7c7612b4ffd957dd40315ac1cccb93ce9bec026e40d4fdd759
dem_3dep_1m,dem_3dep_1m/landslides/compilation_30428.tif,233541,e8bd8b604ccc730271fee8e88b3779b949400e488412f31dae8eca644a2ff6e2
dem_3dep_1m,dem_3dep_1m/landslides/compilation_30439.tif,91039,0d2b9ac03eb2af87106fc3c5458656782883d0fcc957952236acb8e81fcd8a67
dem_3dep_1m,dem_3dep_1m/landslides/compilation_30732.tif,28145,4da3e114f2c7b7dc0988366405c7677b4998557a4dcc4ac995c9c4faa165b361
dem_3dep_1m,dem_3dep_1m/landslides/compilation_30733.tif,22511,3d868aed8130c08bd0e3d0537ae1abe3716586530e6e5a615f455c98d1a58998
dem_3dep_1m,dem_3dep_1m/landslides/compilation_30735.tif,34172,8d8bb8a84719cc6925ae110138f60c8c135161e20bc9d4b6ec1dacb3a5bbf99d
dem_3dep_1m,dem_3dep_1m/landslides/compilation_30737.tif,23370,588e805f888bd1cc78c9f4125a4085745a55e964b154ff06d7f7b351c61534a1
dem_3dep_1m,dem_3dep_1m/landslides/compilation_30740.tif,20059,43edb56e96e2627d34b346251a04ed09010fc45986e28acc0150565ef0b3612b
dem_3dep_1m,dem_3dep_1m/landslides/compilation_30741.tif,13194,4337f216923a8d35a75d23806a576f5cf31703c088bb38aebf65db99617e9090
dem_3dep_1m,dem_3dep_1m/landslides/compilation_30742.tif,11534,c0f0691a127d862c6ebe6e20080635a499ee95fa5fe276dfd09fade89d119a58
dem_3dep_1m,dem_3dep_1m/landslides/compilation_30743.tif,38120,1972ea0dc417656f26a04cd25bd22ce06d0edbc2f522ca28d8a8817480e9dd52
dem_3dep_1m,dem_3dep_1m/landslides/compilation_30744.tif,24982,9c19fb2c932e5954649dfbf8eaafc2a83cdfc5020ad281cc963c6823b3d0c36f
dem_3dep_1m,dem_3dep_1m/landslides/compilation_30745.tif,15477,173ffc2c0197a01ac3d917a04fe5ad6c9b5b58d9ad69ebb822afa1f6f7c6c0c0
dem_3dep_1m,dem_3dep_1m/landslides/compilation_30751.tif,312081,8ccc875e67f7edf598815aa0a961f2cfc129f9ab1265daca681b0166f56d304d
dem_3dep_1m,dem_3dep_1m/landslides/compilation_30752.tif,27711,28084df6901c74bc07c1f587172f8dcc7cdb1617827cf96a8b0cd85bce060c2b
dem_3dep_1m,dem_3dep_1m/landslides/compilation_30761.tif,725327,2153e9bb69498a09392ffceaddb0e26545a1a829eb36b9c60473b1e69ef54346
dem_3dep_1m,dem_3dep_1m/landslides/compilation_315.tif,4826799,3c1de10dd97772f00a60c0702a1043711debfeba0d7bd2f89ca50977346a61b0
dem_3dep_1m,dem_3dep_1m/landslides/compilation_318.tif,191777,c6c6c05399dd0f7848b10e97683e02741323b9f0787449a179711d66342d805d
dem_3dep_1m,dem_3dep_1m/landslides/compilation_319.tif,67583,6e21d12844c4ee5e8fe41fad6cb84e97ecf1996a263c9fde35b9d598e0aaad46
dem_3dep_1m,dem_3dep_1m/landslides/compilation_320.tif,694648,6b52e4dc52c75f2c6b7f4d369cdec6b44a26939966f54f498fb13f8d4386d4d8
dem_3dep_1m,dem_3dep_1m/landslides/compilation_361.tif,3239244,e27615db7b872260657b58e08baf10beead97e17ce9846691bf4e4ef2d26e087
dem_3dep_1m,dem_3dep_1m/landslides/compilation_391.tif,4378549,3344c5d97c900b849d1e7d565196abb1ad7a178025c50cbece04d1515834e1ae
dem_3dep_1m,dem_3dep_1m/landslides/compilation_453.tif,46201407,0132a54d43de0470ff4864dc4c480f4a68f86fd65b7c2868e6a83e61d2c81a69
dem_3dep_1m,dem_3dep_1m/landslides/compilation_454.tif,937952,78009e7f4e555daf9f9d0b719ca964c4c63e3c7e9ed6de31d6961786316f6619
dem_3dep_1m,dem_3dep_1m/landslides/compilation_455.tif,269370,c4af184d8b11b01513c4ed46f7b3dfd63e3fcc60aab9307651af4023aec02655
dem_3dep_1m,dem_3dep_1m/landslides/compilation_456.tif,16876485,4cd766f3abab439dc13deeacc0234b3e0cbab36754c2a4662f04de0ba39fb2e6
dem_3dep_1m,dem_3dep_1m/landslides/compilation_485.tif,372409,ef8e7c38fbf160b55c9be4a80d9ac85c84ab0d23532c1e1f32d29b8fafc24931
dem_3dep_1m,dem_3dep_1m/landslides/compilation_49.tif,355567,d4ce62712fafa3a4b25753168b155f60fccefb4410504fdc844951ac28ee8560
dem_3dep_1m,dem_3dep_1m/landslides/compilation_50.tif,2872674,fef6a5a2d36a4c1f3c70e968ffca32c9c46c250263fffbfa2c199ff8601c4e84
dem_3dep_1m,dem_3dep_1m/landslides/compilation_51.tif,620871,a6e7450b821ff5b2a1e4ab923f7125eee4be40be660fd5bc5617ecbed507edd0
dem_3dep_1m,dem_3dep_1m/landslides/compilation_514.tif,1303651,b74d09c6dce17bde441e96fa43755fa449f137a49f4932a51977c9ed4b2c3bbb
dem_3dep_1m,dem_3dep_1m/landslides/compilation_518.tif,8931546,a9d9ed4a3cdadf131dff8b5e6fd431de4b8d2572b4885aaaa0fa83a79f13ebca
dem_3dep_1m,dem_3dep_1m/landslides/compilation_519.tif,255633,33c01c0f13a455c8f8fafd1705ec902afe972ade56c00afcb29fa9b78f39c873
dem_3dep_1m,dem_3dep_1m/landslides/compilation_543.tif,479774,f61607615279a95cb49c9c33073735c10b655131d7bb80514222e292aa467554
dem_3dep_1m,dem_3dep_1m/landslides/compilation_5475.tif,1643495,e35e098b0248846de063d6dab44d3506d12d036481aa85723674d53d7eb5759d
dem_3dep_1m,dem_3dep_1m/landslides/compilation_5480.tif,1207256,be4c8d58a4b4f5b81d3a6befac97e6f4f08a0a9f977a21124a7b34d4a52e86f9
dem_3dep_1m,dem_3dep_1m/landslides/compilation_5489.tif,38689554,4d064575291161f35c8811b20bcfdf83f05c31b257c18a6a929ed0222221b1c2
dem_3dep_1m,dem_3dep_1m/landslides/compilation_5490.tif,42849873,03aa6e0d4e60e2b28c55a60c59fe0b9668d2f0813b584763deabd93d020e3e8e
dem_3dep_1m,dem_3dep_1m/landslides/compilation_5499.tif,8049166,7715a48144960331fe3ce64d6103ef2e70a7d6ec9bbecfbafd5899805a24b37e
dem_3dep_1m,dem_3dep_1m/landslides/compilation_5523.tif,482409,b3f215b0dd6fc7f8c6a77c3d2740f241f2518be0f6be7c203bc6e12d6c002cdb
dem_3dep_1m,dem_3dep_1m/landslides/compilation_5539.tif,80474641,c416a2067da519da1a593b1df665c79b747c697f8833695f444c3a5c79aa3a11
dem_3dep_1m,dem_3dep_1m/landslides/compilation_5552.tif,977162,40b161d0f02b54014d1a6cb78e7c80d886d510ca76a49631ea623ba22d68a047
dem_3dep_1m,dem_3dep_1m/landslides/compilation_5564.tif,11109837,1f42e05f3941f0b7717ce30648b3c834a6f75db6c115376cef6a88ed0fb9095f
dem_3dep_1m,dem_3dep_1m/landslides/compilation_5570.tif,944648,ca391e36e8249be1834a647c977a5daada48bf36e6c5fdbcca397eb46912d820
dem_3dep_1m,dem_3dep_1m/landslides/compilation_5579.tif,9018482,9cea0485c7940368ae24a32570b1ddfbd9a219e6cbe7fb74862b497ccc445b4d
dem_3dep_1m,dem_3dep_1m/landslides/compilation_5595.tif,4085063,9f6d492a174f83bb2c805d1a8d610c59455d8378457ef31a2c32079931f2dbf7
dem_3dep_1m,dem_3dep_1m/landslides/compilation_5618.tif,12330,e275f18489de09ec044cc145938cc818db63fba743eba9a814aa09a90924e64d
dem_3dep_1m,dem_3dep_1m/landslides/compilation_5641.tif,1311315,6ea9962f7962b443ecdb622805dc8213f9b4786815521b372e3f46a905f9e1ac
dem_3dep_1m,dem_3dep_1m/landslides/compilation_5649.tif,970351,77d4c69702208d70cec25d04093b258f50f7196589b731622e0734a797d373c5
dem_3dep_1m,dem_3dep_1m/landslides/compilation_5659.tif,479710,5589c3749dd043c4034fade475034a78815af163e830df40596244997fa8aa9c
dem_3dep_1m,dem_3dep_1m/landslides/compilation_5661.tif,70343463,d4b8e1dadcdd996e513104ad55ea3e3aa91b5a8034833cdd84d6feb0b4806229
dem_3dep_1m,dem_3dep_1m/landslides/compilation_5671.tif,6952506,f423cf939ee6a874bf6724562b55c84fffc946ff913b39e9f061973dea418ecf
dem_3dep_1m,dem_3dep_1m/landslides/compilation_5674.tif,25066354,30378e1b3100fcf12bbc2a31766867ba729218e4eb1cf8b7c9bf2f65d7fc4e45
dem_3dep_1m,dem_3dep_1m/landslides/compilation_5675.tif,19861333,147dd46d6e1ebeb363d0ab357aa0ff20bc8eec514e8d9c5fcaebfd6bb3400787
dem_3dep_1m,dem_3dep_1m/landslides/compilation_5683.tif,3690064,fcca797b50bfcd4f2cfb8df5c51b8587ccad37f3c7975a578dfdd0b250128319
dem_3dep_1m,dem_3dep_1m/landslides/compilation_5685.tif,51087175,e71c6f93f67549307194b47896664b7ed08f0afa6e3388b16ac8e25c4a489ea0
dem_3dep_1m,dem_3dep_1m/landslides/compilation_569.tif,132667,e59e959ba3357c58d9d5fbc111d4270cb965748b44413ad40ecc9fc913c0ae73
dem_3dep_1m,dem_3dep_1m/landslides/compilation_5691.tif,4908135,4b58706668b8c0cbba42ee7d65236e9c3b95f36094de810aa548df1b09b11ab6
dem_3dep_1m,dem_3dep_1m/landslides/compilation_570.tif,1973397,5b0399af6c93ee15bf6635ef9a619605fb078ab7eba68011741870e263457abc
dem_3dep_1m,dem_3dep_1m/landslides/compilation_571.tif,740502,615647071619d0e8db09f8ec3d2da5e171d28e5c21915c9e2518a8e8b7deeadf
dem_3dep_1m,dem_3dep_1m/landslides/compilation_5753.tif,5981802,b6b2c0f69d0f637cce65a1b26e7b25aea1a8422d8b9104b807c78ced5a3f3a97
dem_3dep_1m,dem_3dep_1m/landslides/compilation_5763.tif,10620773,05be81285ca05a158e3ada2937ac7ad24e92b7b138bc568c838f421242b60487
dem_3dep_1m,dem_3dep_1m/landslides/compilation_5765.tif,6382346,788c4aa4349d92c19ba0c4bfbb94e09b655dd2a2aa29ae2a07d0751b866935a4
dem_3dep_1m,dem_3dep_1m/landslides/compilation_5793.tif,50105911,eeffcd1f03a9a2f278a1d20bbf6bc7e7b3c3f923d04b848946915c13addf6a8e
dem_3dep_1m,dem_3dep_1m/landslides/compilation_5800.tif,6356291,66b565219d5ff4f0795f1151095f518cedc6ffcb158e4033485b2a98d033b9cd
dem_3dep_1m,dem_3dep_1m/landslides/compilation_5807.tif,24730271,0a2c1717b5c476e0564fca636d4c9a79b2be35e441ec997f87dda9e5ad972b61
dem_3dep_1m,dem_3dep_1m/landslides/compilation_5825.tif,8896970,30059848c795d7e1c3d4585b79f5d60c58b372f511c4d97f04a5aef91d5d48db
dem_3dep_1m,dem_3dep_1m/landslides/compilation_5846.tif,24113540,0e2838dbc9ce4be03b513e2831077d0ef2567e4686f269fca116b2b86b26844f
dem_3dep_1m,dem_3dep_1m/landslides/compilation_5875.tif,1002614,76f0091aa4c13007589f8ca659e8203acc253162767a33fa6f7cf7f8404b163f
dem_3dep_1m,dem_3dep_1m/landslides/compilation_5889.tif,4078397,97c57ddf17e373abe6b82d44342dc4b81926d97e34f07bc4de6776518ff8fdd3
dem_3dep_1m,dem_3dep_1m/landslides/compilation_5927.tif,1915555,4959e610f556eff42fd57b5ce03d01fae1d6cb3bb81c5f177a7476d35b5c4688
dem_3dep_1m,dem_3dep_1m/landslides/compilation_5933.tif,1452611,e587d93c7f7a9895444300b60beb9bcedadd45e80328b9684ce28fa1cf18106c
dem_3dep_1m,dem_3dep_1m/landslides/compilation_5939.tif,1057177,067cfb0acef918cd798985fd810be3c58d0df6796ca7f5756104cb1d9821df25
dem_3dep_1m,dem_3dep_1m/landslides/compilation_5944.tif,13915066,bf668bc8c03033770c29cc6d5ad457eeff32d820b1e4ed948d2a7ef8206eeb9b
dem_3dep_1m,dem_3dep_1m/landslides/compilation_595.tif,2463832,e2c198fce7e6f318be7aee0e906f9ff6eb1a7ae243f4843eef45d37c66c84e4e
dem_3dep_1m,dem_3dep_1m/landslides/compilation_5955.tif,4700127,102fec4da6afa6e03fc2a16b68fb4d6dffc41776271208787df1487955459196
dem_3dep_1m,dem_3dep_1m/landslides/compilation_5956.tif,42776879,52201c348d5029cb1bdd4041998a0c11fce494d2fc28326eec17c488a2e121f1
dem_3dep_1m,dem_3dep_1m/landslides/compilation_596.tif,811674,a335d0c2d01a86ec7fa8aadab46a98cfd6f3a139f54dfd472c91ca0a743e1212
dem_3dep_1m,dem_3dep_1m/landslides/compilation_5960.tif,21128682,6096648595b892b33d29b1472d7b74f9597f305f5ae94de32b07a97e70e40fca
dem_3dep_1m,dem_3dep_1m/landslides/compilation_5965.tif,5631622,c73a8e632a58587ed2ebe7e3207b700758952b8d7be557e7e87ab335ac3a1be7
dem_3dep_1m,dem_3dep_1m/landslides/compilation_5974.tif,3698196,4fc2deebb149fd2b55b2513d6b025deb09b13b04fd3c506d4f8669170e741dbd
dem_3dep_1m,dem_3dep_1m/landslides/compilation_5981.tif,974472,2867d7f782bba5a2cf69b2b3d71812d75ac79be897c6f6de0ea174b9cf2f9a70
dem_3dep_1m,dem_3dep_1m/landslides/compilation_5986.tif,3426444,9bbf09a2b9417d34e429f56022c3fffce874d22534102529b916a35db5049a1b
dem_3dep_1m,dem_3dep_1m/landslides/compilation_5990.tif,5632790,49a5ce14f6d0405c7467ad1eb006806a4512b5391208146bd1ead792425978b7
dem_3dep_1m,dem_3dep_1m/landslides/compilation_6023.tif,24099940,7eea4b381ccf8800aa2ccda5b19a93a08e2ed989d2d1c396f1fe5b8ff6cb8d3b
dem_3dep_1m,dem_3dep_1m/landslides/compilation_6024.tif,1417749,544b2743c7acca4a37f09cc08cc174de9dbd4a53ab2a6125c4cf0083ccd7ab6d
dem_3dep_1m,dem_3dep_1m/landslides/compilation_6037.tif,1251768,e8f553a2ee3e223ccec467d84c2f33588a6eec28fc5da0c8eb7898c42a45c2c5
dem_3dep_1m,dem_3dep_1m/landslides/compilation_6045.tif,27152366,669af335ae625e22166d3b42f3b0b798ce6f04cb30487cdfbe6409e38747bf94
dem_3dep_1m,dem_3dep_1m/landslides/compilation_6046.tif,11847108,24e483adae25e0d4b3b6db746db0d23361b9299357a200a8882728c458073692
dem_3dep_1m,dem_3dep_1m/landslides/compilation_6055.tif,5589951,f8cebed5613fdef24068f62cf101e135ce1883d7a40e4582036eefd8769e7277
dem_3dep_1m,dem_3dep_1m/landslides/compilation_6062.tif,19640122,a43b04a4ecc5d0abf4229159b6b5aa95d352922cc6850020600106b6533d1efe
dem_3dep_1m,dem_3dep_1m/landslides/compilation_6065.tif,45737859,088f4f7931a872b07cbdfdaa199590abe3c1f3dda3fd6b97506f021b0d551381
dem_3dep_1m,dem_3dep_1m/landslides/compilation_6072.tif,999008,cac5af99d2d55ddb718be5abbfc792dd2342fd3fbe135128ae397ec7b9c14e76
dem_3dep_1m,dem_3dep_1m/landslides/compilation_6086.tif,588772,2ce61ab4f4045a32a16a60973f8ca5134bfee8a3c84aa5aa464f775cc9111290
dem_3dep_1m,dem_3dep_1m/landslides/compilation_6102.tif,3543857,44a55973b537117109dc89e5ab60b10498081b2fb332f677f025166217d44816
dem_3dep_1m,dem_3dep_1m/landslides/compilation_6104.tif,2170126,2117870601dc2db98b352e2e97ac35bbdb645386d14463b21d040d21a4b9feca
dem_3dep_1m,dem_3dep_1m/landslides/compilation_6126.tif,1729441,13ca659aaab4d062d47c985e8e0d6a11c13ebe502738cc7ffbc7e41582148868
dem_3dep_1m,dem_3dep_1m/landslides/compilation_6169.tif,3004668,e59ac9d835733d45480abbb027e2448f9ff93b7460469278a44e195aa17b9012
dem_3dep_1m,dem_3dep_1m/landslides/compilation_6173.tif,2731398,42c49e39e6168032de1562878e7b951261ac78fa4774d9d24db32b5d79e3325a
dem_3dep_1m,dem_3dep_1m/landslides/compilation_6190.tif,3264700,c639a8c08e64006d7de75f82e5c33bbcb48965539fe37c9fcb0195f810fba72b
dem_3dep_1m,dem_3dep_1m/landslides/compilation_6203.tif,2093447,f6024b355fcef50c58aacda58282d218c180bb5c56aec6c15753ff29ed5dfcd1
dem_3dep_1m,dem_3dep_1m/landslides/compilation_6213.tif,8512714,6f6a4f2b07531c5511c166c895ab82721ac32cb5377d2eff739d2cb4bc5a6de8
dem_3dep_1m,dem_3dep_1m/landslides/compilation_6218.tif,2732859,45a7cf2bcff7ac93e0cf6649bcedd78d78c00347e0f77cd52b9a19859a0cceea
dem_3dep_1m,dem_3dep_1m/landslides/compilation_6226.tif,1042720,7989cdd6bdb044f2272557f166098c0a23e82db4a1584e527215cba396c547f3
dem_3dep_1m,dem_3dep_1m/landslides/compilation_6247.tif,1044865,37bffb1560c9ea3ad9543a99eaa9632b86c9013e20584d667fedce99261be176
dem_3dep_1m,dem_3dep_1m/landslides/compilation_626.tif,1940270,9f8ed68e871b7f6b6c7ca4b48072705cf91a72e72e27f22c1014d170ae95e6e9
dem_3dep_1m,dem_3dep_1m/landslides/compilation_6272.tif,2575711,0d7731d0ce943b2d0849c6b69f88a49cd405aa4e8bfa1d6612a35b0ca5f42f85
dem_3dep_1m,dem_3dep_1m/landslides/compilation_6286.tif,1027606,47c7d5cbb746d0ea16c63f5abf8a85a52f9c8cbfb9c0708b1fe3831deca12de8
dem_3dep_1m,dem_3dep_1m/landslides/compilation_6308.tif,3735382,ae63cd23b2aa7a70709a4fbad03b0af75e8b3afdb9931202d844339134b32770
dem_3dep_1m,dem_3dep_1m/landslides/compilation_6310.tif,16078879,5ad3d30864003b1fd10289dffd5e10db3057fbe0e1956cb0be44bf990663046a
dem_3dep_1m,dem_3dep_1m/landslides/compilation_6330.tif,8528978,7a84364f5018d28f7e4ecd767b58f7fb6d5bee75c11fa33297f3cc3653afef69
dem_3dep_1m,dem_3dep_1m/landslides/compilation_684.tif,61852591,c2dd307f535aa68426fcc2aa4d0c82ef67e5d20ab1e04283c6a6c75d3977d157
dem_3dep_1m,dem_3dep_1m/landslides/compilation_715.tif,8393165,4033a0c4e7bf525ff175506026bbe8127ddaefce86dfb1c724c86dc28225cf9b
dem_3dep_1m,dem_3dep_1m/landslides/compilation_716.tif,19652807,8219e8505616b5d105d8daa8c74fab6c933553156e3f4813d8623a599c447d28
dem_3dep_1m,dem_3dep_1m/landslides/compilation_720.tif,3020292,a209b054e733466d340f5af8ffef7d816f7b2c4773ac928f6717dd5009189c69
dem_3dep_1m,dem_3dep_1m/landslides/compilation_807.tif,463627,bcbceceb3fba1ca84248eea875f2b98240269ddf096d1f180aa753807171601e
dem_3dep_1m,dem_3dep_1m/landslides/compilation_845.tif,61895,4dec9a10dcd025105e387bc758e4a9499cd4051776dcc006f09331760b911e44
dem_3dep_1m,dem_3dep_1m/landslides/compilation_846.tif,888846,cfc547cbccce868864d24e403a5b785dd8b3d941686165501235cfcac327208a
dem_3dep_1m,dem_3dep_1m/landslides/compilation_847.tif,3871567,5b1ab97faa491cd6ac426240102bab4580592a933e9da6c42b19a03d29296be8
dem_3dep_1m,dem_3dep_1m/landslides/compilation_848.tif,14539582,ffd406bf7c6278451ed17412908244413790cdc4b6e328a0c3c0808920e97d93
dem_3dep_1m,dem_3dep_1m/landslides/compilation_880.tif,1971727,8cd41a0c16ae98cbf3ceb71184f598bec7ac92d6c149440b6bad5fa5b1cd11cb
dem_3dep_1m,dem_3dep_1m/landslides/compilation_881.tif,588888,4d123c2747ff6737a757c7c0725bf928a68e49e555bb17307c4dc4f7e28e3499
dem_3dep_1m,dem_3dep_1m/landslides/compilation_882.tif,137902,1ba9226f9fafb1163adbfd927ef74d62f8303fc269bf38e461bfcb1f7665ff52
dem_3dep_1m,dem_3dep_1m/landslides/compilation_908.tif,579953,142b6d4a6d552dfd5c2cb2332d5583a47dcd7b0e5657e4ee495b43b1c6909458
dem_3dep_1m,dem_3dep_1m/landslides/compilation_9103.tif,38317,001d9c2238e1a36c38d3cfc0726a43bd419a1140b975ec27343e3cf206911f51
dem_3dep_1m,dem_3dep_1m/landslides/compilation_9107.tif,19872,285a06d6eb13cbca15e6348fefe03a7da332302261ad7def136692ec1be7a15b
dem_3dep_1m,dem_3dep_1m/landslides/compilation_9110.tif,27281,3928d83acf0e9c8c1f4c6b4146a54e75e05b04091e9682e8a3cc3ad377a88b0a
dem_3dep_1m,dem_3dep_1m/landslides/compilation_9113.tif,20715,48968bb1c5528898dc30bd717f0bad188d60dcb9efdf9eac40553c794b58c9ec
dem_3dep_1m,dem_3dep_1m/landslides/compilation_9116.tif,25652,697c14d29ffa4ba410a5424f6674a71e6dbd926c49424d9e77d959ed0b7da03b
dem_3dep_1m,dem_3dep_1m/landslides/compilation_9118.tif,22975,1259e4b70d3c9390edb9fea00a1825a6f71ade7a005429a382254e20b51d3878
dem_3dep_1m,dem_3dep_1m/landslides/compilation_9119.tif,17557,827345dfe775333095b7047278b5837bec166665be57d34feb7144115806c912
dem_3dep_1m,dem_3dep_1m/landslides/compilation_9120.tif,37152,5a9e081134c473fab641a8aa2a1c359ad1495e18840fff1f6653641a2e4f2494
dem_3dep_1m,dem_3dep_1m/landslides/compilation_9121.tif,29100,2146c76e022b4f107c108cd6a1fd5029ba0a9f6d9c525b8304d6d0c9185d97ce
dem_3dep_1m,dem_3dep_1m/landslides/compilation_9245.tif,41498,d2e7a6433cb0a77ebf6ff5d38192f3cd403f7789f2949fb98aafe86e0fd14334
dem_3dep_1m,dem_3dep_1m/landslides/compilation_9246.tif,96787,97c080438111caa2a47a407195d691d5f45a7a46f1dcf7fc4d0bcaebe44ecd48
dem_3dep_1m,dem_3dep_1m/landslides/compilation_9249.tif,33848,b7e0a67ce084d4fe3a66e87c846135f161ecec91e3cc84b2cce199ed0ca20d9d
dem_3dep_1m,dem_3dep_1m/landslides/compilation_9254.tif,95950,d7b8f238be06bea0f1c0fa706e32eec72d14f1c3cd2af98681e5b2006d03138a
dem_3dep_1m,dem_3dep_1m/landslides/compilation_9264.tif,895082,668360c7fdc3b605057cd268799893d4342b92f81b5c99f8b3a4c2e960aaf520
dem_3dep_1m,dem_3dep_1m/landslides/compilation_9267.tif,189605,ea4e284d805a98e34c6866c728f8ab7a82778cc10038487213e8fb4cde0a6de3
dem_3dep_1m,dem_3dep_1m/landslides/compilation_9279.tif,33974,784c1c91e37696dd41e3110ab8d07b34647bb749a3808b9c015609573d0494cc
dem_3dep_1m,dem_3dep_1m/landslides/compilation_9280.tif,34242,bb532b1d9868ffda28f66f24de92307785d44f6d477f6a97a63be65a95434782
dem_3dep_1m,dem_3dep_1m/landslides/compilation_934.tif,10249502,9b62ba081c8950c4b7124c2648dab8f39b440f3a8b010f31ee65317454503762
dem_3dep_1m,dem_3dep_1m/landslides/compilation_9601.tif,21347,07b08ef6814ba12ad6ccbfa3a2727e15399097d8ee0a3e9b6280f5f527a81328
dem_3dep_1m,dem_3dep_1m/landslides/compilation_9602.tif,78613,a5223b185fe0b35fe3b67679949d3a170c6ab4fd79ebf4143664771a3df77cd4
dem_3dep_1m,dem_3dep_1m/landslides/compilation_9603.tif,29188,178c81ab57678d7513cd16fb48526c33948529d58a2a121c30dd5944ab5ee28d
dem_3dep_1m,dem_3dep_1m/landslides/compilation_9604.tif,19244,cd79e18cb27911f13edb969e5e74a5587c2ed4c67182734a37c199a088b5d77c
dem_3dep_1m,dem_3dep_1m/landslides/compilation_9607.tif,50344,9689fd771f0399ee69eef15a180f5aee35b85491d5566c366717c871308aa5ab
dem_3dep_1m,dem_3dep_1m/landslides/compilation_9610.tif,10041,26d2ffb6b6ebd0221e3b22a073db08e7fcf553f19998985738c7fab003a7652e
dem_3dep_1m,dem_3dep_1m/landslides/compilation_9612.tif,13877,3b1bfb62de67ca9a58e3181285389862d4b456ea134858e21d714cfc3713c378
dem_3dep_1m,dem_3dep_1m/landslides/compilation_9613.tif,28206,0e3341cfda6f0cf7abb3ee240e45c45ddd757c809b85ac2752d4e2be77d6d97c
dem_3dep_1m,dem_3dep_1m/landslides/compilation_9615.tif,11483,d635114e97ce7d653e0d5bafb31599e330281d035c119b6858d3490a3a398ed1
dem_3dep_1m,dem_3dep_1m/landslides/compilation_9616.tif,23531,eb39beb609382f471999f64fc0c87e0d37bd738452327335a79efa8266e29e84
dem_3dep_1m,dem_3dep_1m/landslides/compilation_9617.tif,17185,7b10ac6930cb97af7eab0ac90cf299418edb17889d11d0adb6a6c7b19524c82b
dem_3dep_1m,dem_3dep_1m/landslides/compilation_9618.tif,269572,046bf081f0aaebd0678a222317b687c5139e7ccc3f711bee78b7f8c36d7a658a
dem_3dep_1m,dem_3dep_1m/landslides/compilation_9619.tif,91248,bb805cb607e942a111c0d7dc12ee83c9254eb1e6a8e8c0943daea5169f896f57
dem_3dep_1m,dem_3dep_1m/landslides/compilation_9620.tif,16459,d4aa5fe6f34002fe05d23df77f73902dde53f3952e9764c0f8b2b94d20827020
dem_3dep_1m,dem_3dep_1m/landslides/compilation_9621.tif,23307,583107bad03ffc17381a863481e6d39cda0378cce77aa2784e64526b35a1e754
dem_3dep_1m,dem_3dep_1m/landslides/compilation_9622.tif,34388,fc19f461bdbb8cdf236d4681bf0a2d67fcf7f72393fafd12b0e0cdc1b7f8b515
dem_3dep_1m,dem_3dep_1m/landslides/compilation_9623.tif,28522,57f8072d811960a2fd6dd18b3bd3f77bd39ca8b99b2d979adc24f64baa743069
dem_3dep_1m,dem_3dep_1m/landslides/compilation_9624.tif,17985,4eb6b50bae6ac3e75bae56d5d3071dff776321bd47e0973f14b3ad88612561f9
dem_3dep_1m,dem_3dep_1m/landslides/compilation_9636.tif,1864433,5010b3cad520729cb63bbf12de903e0c235b33e3587a461539dafeb8980ce241
dem_3dep_1m,dem_3dep_1m/landslides/compilation_970.tif,3345734,b63af362f7ae67857dbc26c775a07c2dc6442db0d5519f4d8faea684db64f948
dem_3dep_1m,dem_3dep_1m/landslides/compilation_9938.tif,36096,1a5278bdded979568820efdfa304b9d066aa637ff973aa5ecc43be3c56f8c658
dem_3dep_1m,dem_3dep_1m/landslides/compilation_9940.tif,32071,ae076a083712ace49b39f7c293a0a472bba453a6b599df35f21be82da0d6e5c5
dem_3dep_1m,dem_3dep_1m/landslides/compilation_9941.tif,27245,06e797494066e04a94184b1b6ae3310119de65639878b5dd1edd2b7a4b9b06e0
dem_3dep_1m,dem_3dep_1m/landslides/compilation_9943.tif,15545,9daffb23243ebe3c88385ba40e09ee34f2004dade3f2174316a153392f0be9b2
dem_3dep_1m,dem_3dep_1m/landslides/compilation_9944.tif,11042,a09e1fd22aa4835c09c068b47f99b6bf7fab9c2af860993f7dfa79339c749241
dem_3dep_1m,dem_3dep_1m/landslides/compilation_9946.tif,16605,c3ed6356e5e2f03ac57d3e23d2c3ab4b6302892ff02451524397bb741147f46a
dem_3dep_1m,dem_3dep_1m/landslides/compilation_9947.tif,79645,52fb13ba4d45d563e3c2c303879373de5f44aad6b935cc8da997a15d4a167ee7
dem_3dep_1m,dem_3dep_1m/landslides/compilation_9948.tif,20826,a321b28a63f4c3536b9995de653a757bf4916ba0695cd1c1bfe2989c57a6b812
dem_3dep_1m,dem_3dep_1m/landslides/compilation_9949.tif,24587,6b4cba14c5d902d4ae694051b660aadded65ab28b1d75ca8db6ea35fe0db7c3b
dem_3dep_1m,dem_3dep_1m/landslides/compilation_9950.tif,24802,6d95b87989fc6ede27aa948838dffce82dd3de1b552e9641a98ff59974b38862
dem_3dep_1m,dem_3dep_1m/landslides/compilation_9955.tif,25138,d6737ade8198dbb2aa1ed97f1b9bff7ad2203767b39511dd575a91376a72eccb
dem_3dep_1m,dem_3dep_1m/landslides/compilation_9956.tif,207396,27f4dd7af92d95e005ff4aff13b2e07d5ded425a73ff042ab148ae06a18fed31
dem_3dep_1m,dem_3dep_1m/landslides/compilation_9957.tif,27234,b5defaee33d3fd7f6f28c7bb591b9039bffb299259f7d26a7c924feef118238a
dem_3dep_1m,dem_3dep_1m/landslides/compilation_9958.tif,25674,4b9fd70e20039f0e3559b41855787d4965feb56ea01744a0a62ec5481112f218
dem_3dep_1m,dem_3dep_1m/landslides/compilation_9959.tif,77329,90e310c4fb28638ab6e6b5c8edc6f6d6b1a84c2e00f0b49852fef975b3d263c6
dem_3dep_1m,dem_3dep_1m/landslides/compilation_9960.tif,12236,402a23de381e44be95be6c6f055add0855a843109ba46296a9be76d27afcb2d2
dem_3dep_1m,dem_3dep_1m/landslides/compilation_9961.tif,12151,8e852cedf615b3652eb5f8ec58899eabe042e994966942d62625479ae5dc26cb
dem_3dep_1m,dem_3dep_1m/landslides/compilation_9962.tif,38907,86c7e77b9e24703c14ee780d69412d8e9530a38ac621aed5d29722d360d42e46
dem_3dep_1m,dem_3dep_1m/landslides/compilation_9963.tif,169274,f4c07c4dd3aee15bbedde535131c17b8f4cc399c6dbc26e9510db50bf60219f4
dem_3dep_1m,dem_3dep_1m/landslides/compilation_9965.tif,103197,ea417c1daafcad108bb83ddaed0afc96f5e1ad03a08b0bb9f759d7ae4189d0e6
dem_3dep_1m,dem_3dep_1m/landslides/compilation_9967.tif,31690,73d99534a8be50186e06dd062a7e4391a80d02b8879980304aa6fa31ac663b89
dem_3dep_1m,dem_3dep_1m/landslides/compilation_9969.tif,14748,c283653977bac7388aaae874f8b0726560d05932bcfaa3f73cfd69b0008bdc5e
dem_3dep_1m,dem_3dep_1m/landslides/compilation_9970.tif,79032,aee194e14f35e3bc89a46f898c7469ab179f193c38ae839c28c82c096b7984dd
dem_3dep_1m,dem_3dep_1m/landslides/compilation_9988.tif,655885,27d7cff4d7cfd0b206f530802171855993104cf3aa0888fadd0f086136f49408
dem_3dep_1m,dem_3dep_1m/landslides/deposit_102.tif,805346,d1bf953f2d2fb6fde3298b3692896abbd468efc26099b3ef342ef64730b07655
dem_3dep_1m,dem_3dep_1m/landslides/deposit_108.tif,12226443,8613a92047424f3728fe272130942b6d7f6a8805e280c11abf4c7ec1281850d7
dem_3dep_1m,dem_3dep_1m/landslides/deposit_109.tif,359002,ecbe9cfb159029f0394bdf0216c8c2a1fd3bff0822d8e027b9acb30ad3523da9
dem_3dep_1m,dem_3dep_1m/landslides/deposit_114.tif,2275881,7a3b4ec39961fcf9e112a787d94ab7d29944760941b2afc30b3b647a01ec789f
dem_3dep_1m,dem_3dep_1m/landslides/deposit_119.tif,126127,0d29da9c8520cf990ff0f8acda3d212f991dc639535ece8ed70f695810a7a220
dem_3dep_1m,dem_3dep_1m/landslides/deposit_121.tif,144734,3b8d726a301e38443127b496b2f1dced929f163466814033f8ae95bec99015b2
dem_3dep_1m,dem_3dep_1m/landslides/deposit_126.tif,539157,e299b2f19d537650907da186f9ba434a130af26f9d4679ded31933eda1c0ae95
dem_3dep_1m,dem_3dep_1m/landslides/deposit_129.tif,1594633,ca59d0d8d971d51da160c33135ba5a1fcde9fdc1089d06be96fefe05244fbd76
dem_3dep_1m,dem_3dep_1m/landslides/deposit_130.tif,1957804,6ec5040febced38058454008c31a26a944973dada339ca39a06cb17741c040b0
dem_3dep_1m,dem_3dep_1m/landslides/deposit_132.tif,1751432,37e46f4a399b791f2915a73ddc16be47ff481b048b0272b7ea499e2126857fec
dem_3dep_1m,dem_3dep_1m/landslides/deposit_152.tif,161391,9d6c9f85fe110075009edb6f20e31047e7e81538a95760df2488e8dcd0b49ad9
dem_3dep_1m,dem_3dep_1m/landslides/deposit_154.tif,1830270,beea1c3b334bbf34bb90c2299e6a08d6807844e40416305699e86fb6150b4e15
dem_3dep_1m,dem_3dep_1m/landslides/deposit_156.tif,214107,aedd6c68ca6dbc59cf1929bdd761aa5f84ff2e7453aa19bb9a3e6792e2346e58
dem_3dep_1m,dem_3dep_1m/landslides/deposit_157.tif,1659017,3142092e25168a7db47ceaaa90dee7353f0856280c9145d966326c953ee3f7e8
dem_3dep_1m,dem_3dep_1m/landslides/deposit_158.tif,2763730,40d9d2ac3d8735d8d34ae1fc3d93b5230525132f8b82bc27411e5f3801071d21
dem_3dep_1m,dem_3dep_1m/landslides/deposit_159.tif,3609544,b1bc6f35beda7c4999c718c0881f0443d8a2ca3005202c9acfab31c3cbaf1fd3
dem_3dep_1m,dem_3dep_1m/landslides/deposit_1600.tif,5695369,7909cb3d708f194c8606fc614625e333de84a52fc18023320228c22b77bb70e8
dem_3dep_1m,dem_3dep_1m/landslides/deposit_1603.tif,120607,86efecde534c384cf4d73704c0f96497743d34ee0fa3e44391303327d808fb1c
dem_3dep_1m,dem_3dep_1m/landslides/deposit_1604.tif,117841,aa50ef74d4f1370b27a839013fe8f16c5e22daef1f45aff736809b8c96b3ea8e
dem_3dep_1m,dem_3dep_1m/landslides/deposit_1609.tif,8423535,047be73941b4022a143e1b3ab11670582a4b54b4affbbe509e3f603d628cdc68
dem_3dep_1m,dem_3dep_1m/landslides/deposit_1612.tif,83469,149ebd0022c40b59f45c06b381d3f825889a1f58b4ecae59db238487edbf3ab9
dem_3dep_1m,dem_3dep_1m/landslides/deposit_1613.tif,1071166,68db5a09a8712f80e9204d80438a4769295c429063a6f108c6865c71c87c2366
dem_3dep_1m,dem_3dep_1m/landslides/deposit_1614.tif,5253892,2f7e1bcbb887a0c9d78837ed89d231163d56b7b762da533879cb816623b3ffc3
dem_3dep_1m,dem_3dep_1m/landslides/deposit_1615.tif,138560,70b86dee4e27be3553e9095273251c5deb04558382beb41b40f768615a5e80b5
dem_3dep_1m,dem_3dep_1m/landslides/deposit_1800.tif,167349,9248611f8d45507a56ff4c32117396c3896f5f9fe1374734bcae78986d90bf90
dem_3dep_1m,dem_3dep_1m/landslides/deposit_1803.tif,3200633,092cd2c2cc9d57ba2d43c190cc1d2f78f12e0a6218d6f52c89406681d33e54af
dem_3dep_1m,dem_3dep_1m/landslides/deposit_1804.tif,339583,3807cc95edd4b7b9088653374fba79eb402d1c289ef9d322f224a8402ecffd7c
dem_3dep_1m,dem_3dep_1m/landslides/deposit_1806.tif,242157,b1179eb5b8780234ab0b951206fce679aaae43f26214bb2807e6016609c9530a
dem_3dep_1m,dem_3dep_1m/landslides/deposit_1843.tif,10770956,b6eb631bfc4ba22f228a817fd025a3201274f6d2403838ed5fe7c5d59fbe1c0f
dem_3dep_1m,dem_3dep_1m/landslides/deposit_187.tif,173335,a37959d1b1dbb94a77950a1c972b4276e479796110b16fe42f7b5cd8ae548311
dem_3dep_1m,dem_3dep_1m/landslides/deposit_188.tif,296961,902e3b90ede60d5450289b207727beef3d842fb27fafa32af97d8a211391c40b
dem_3dep_1m,dem_3dep_1m/landslides/deposit_189.tif,387587,c756e15078418274b301405d5fc458fecddff5553dd345f7da0264e34a55cb39
dem_3dep_1m,dem_3dep_1m/landslides/deposit_190.tif,211333,f28ab5f476be129d81123129fa4282e65e5363ce9e3f856089f24f8bb2578527
dem_3dep_1m,dem_3dep_1m/landslides/deposit_191.tif,91747,9f2df457469fb159ebc7aa6f7bc3d7294701f59e72696b0e356085eb42e354a0
dem_3dep_1m,dem_3dep_1m/landslides/deposit_192.tif,1741476,202b18a946eb0ef73deea8b94fef602c000746a325be3bff8923ccd7b01f1b1e
dem_3dep_1m,dem_3dep_1m/landslides/deposit_193.tif,60257,2f867f55845f79a24fabadf289a3536913a1835afc8a11cbc7c447fd0e2d1248
dem_3dep_1m,dem_3dep_1m/landslides/deposit_194.tif,46174,860365005be1d3fe8039a40805cd293c93e7953d0d80685034df3d332ba26cb6
dem_3dep_1m,dem_3dep_1m/landslides/deposit_195.tif,52671,6dd83f2d2ff0967f3c267b2b74fdec54f3c98be4fb17aaef635550ad2183763d
dem_3dep_1m,dem_3dep_1m/landslides/deposit_196.tif,262156,9b6ba310aeaf58e2a9d9d2faa27fcbe4c658b91b5a572fc518527bc04aa32983
dem_3dep_1m,dem_3dep_1m/landslides/deposit_19609.tif,187575,61f2c31fd88bb4a6a1af58de1f66b0b02fc68b076391fff2ab1bec5b46989b92
dem_3dep_1m,dem_3dep_1m/landslides/deposit_19610.tif,29211,27b48133ca6942c030c46e58b1e09035d0784215ff06745093ca5ccd82a4beb7
dem_3dep_1m,dem_3dep_1m/landslides/deposit_19611.tif,136278,d89e7260c49e2b1b422b816b3b4cddb9403461f6b03aacdd5ca326a5cb84d499
dem_3dep_1m,dem_3dep_1m/landslides/deposit_19612.tif,42603,7e7bb1863160b257e51af92f4f0294582a234e2232b9401085e29be0b5eb5d13
dem_3dep_1m,dem_3dep_1m/landslides/deposit_19613.tif,31148,9d085a5cc442a6301978d695d0a5777b15de61aadeb507e911056e0f19695dfc
dem_3dep_1m,dem_3dep_1m/landslides/deposit_19614.tif,180878,4cd10839c284895d76905186eb61760dec4aafd7c80b96999c40101fb3d07114
dem_3dep_1m,dem_3dep_1m/landslides/deposit_19615.tif,139816,f503cb927032e3499788148c8e59581f7725f047c0c2cedf8cbe21eee300dd20
dem_3dep_1m,dem_3dep_1m/landslides/deposit_19616.tif,77347,24102a71b8723fd98b908e9b3d638e6d944bbcf2cd7a3e3d6004df38f59feb84
dem_3dep_1m,dem_3dep_1m/landslides/deposit_19617.tif,197287,f41bb568ae5611e47ae216015571dc662b03c4f4389d34a77d66d803e2b784d1
dem_3dep_1m,dem_3dep_1m/landslides/deposit_19618.tif,113760,008d9c97a1b727968a8e8363bbe8a95bbd04f959131d48526ef70fdc84619fe4
dem_3dep_1m,dem_3dep_1m/landslides/deposit_19619.tif,57694,b8a21fa96edc14de4e708378f55604dc014fe07112ff0eb24221109356e75f86
dem_3dep_1m,dem_3dep_1m/landslides/deposit_19620.tif,474969,ffd03b71e9a7956087f0fc7e4a436767fd551e9c16bf6e155496817b0b3df21e
dem_3dep_1m,dem_3dep_1m/landslides/deposit_19621.tif,4845649,24b5f8da013edb7cfa0337b970e93912e098d6a3edc526a5cd19fe994b68a55b
dem_3dep_1m,dem_3dep_1m/landslides/deposit_19643.tif,45807,56bf60ab05bf298bf5101ff1106356b26cdaafc0d5619c89b69c75f85640f05a
dem_3dep_1m,dem_3dep_1m/landslides/deposit_19644.tif,269484,9d7bcbd8602d5034a7c90e80e966b036b2188c23352ded328f3c0ffefe398219
dem_3dep_1m,dem_3dep_1m/landslides/deposit_19649.tif,3969534,77ec9ec3244156e87802d1b52816dd76715160af790f6b96e4d3fd335da98a2f
dem_3dep_1m,dem_3dep_1m/landslides/deposit_19678.tif,60420,ddef7e62704ceb38f23669ba16cc3a38dd5407a5cc1e237ed11ea394cbf0bb39
dem_3dep_1m,dem_3dep_1m/landslides/deposit_19839.tif,55135,6ce78fe335d2d0bf73fa8f39f3f4ce0a8a55cb1e183726387d39e91483b0dd39
dem_3dep_1m,dem_3dep_1m/landslides/deposit_19840.tif,130778,1dae101e91770af7a33ed5dd61176a2fbd6e90c390db64677cf9f248be9ceca2
dem_3dep_1m,dem_3dep_1m/landslides/deposit_19843.tif,60384,2b2d45fe6bcf243639e7c450a041670b02cc941908d1f62e644311a69575d980
dem_3dep_1m,dem_3dep_1m/landslides/deposit_19844.tif,84603,a1e88fe868b8397596d2c3e6629b73524fbd8c227e04f480701fceea7377935d
dem_3dep_1m,dem_3dep_1m/landslides/deposit_19846.tif,250245,06171dc14a2ba35e8dc8fea5a005b3dec06472bf3e247ba5404739ea0425dd73
dem_3dep_1m,dem_3dep_1m/landslides/deposit_19847.tif,69438,71c727f46cd2a7a719b2df938759aedfeb2e491151954338b60dbdaf93d79dbd
dem_3dep_1m,dem_3dep_1m/landslides/deposit_19850.tif,20429,2c65dd9b879cf1f178e61235ea5d0d55684e48564e49d8a096d34ffe7d181dc6
dem_3dep_1m,dem_3dep_1m/landslides/deposit_199.tif,321186,c2473a51cbdfc63f87b05366cbf1510d9d3204b979e4fb9a9b42914c926c72b8
dem_3dep_1m,dem_3dep_1m/landslides/deposit_19913.tif,697603,68a382210beb5ae4738da4b87d4ce375de8ab310c8e466a158697132c8cebaca
dem_3dep_1m,dem_3dep_1m/landslides/deposit_19915.tif,412855,c81366acddc60fba5c9553b3e3a7b6a1c182a0b5de754649e486c605bc66810d
dem_3dep_1m,dem_3dep_1m/landslides/deposit_20857.tif,64007,6292f9afed90321e80afd82dfed709678e2d3956c434e63b4f0906b4905526e5
dem_3dep_1m,dem_3dep_1m/landslides/deposit_332.tif,816125,e81ae733cb368f4ae3b0eefd09787004758ebe86ea5665f13ae75510e71aad85
dem_3dep_1m,dem_3dep_1m/landslides/deposit_333.tif,308743,1b32e997c5f311da0785fa80ac31f7effcf47fd899cbdc811ea4c590abaf0c7a
dem_3dep_1m,dem_3dep_1m/landslides/deposit_334.tif,528033,dfa012d3cc726c665e4c632618836cffa84efe3858818ea46863c2531ae40cf5
dem_3dep_1m,dem_3dep_1m/landslides/deposit_337.tif,254966,7b0ab7ca45651fab8623b39f289e33cefd85283ef643beb15bf2c8b7618c5ca1
dem_3dep_1m,dem_3dep_1m/landslides/deposit_342.tif,275450,014c0d17b58be68a3a2be4135e6dfc5117b3833f37fe965604852c7eb3fc28f6
dem_3dep_1m,dem_3dep_1m/landslides/deposit_343.tif,313068,f732f3ae6dbbe1e244933ecc72f73dd1c34e8ed3cee5fd124d1df12149df3ae6
dem_3dep_1m,dem_3dep_1m/landslides/deposit_349.tif,1076458,bce0643df42b90f428598f4a4338418cb8e161807aa9af96a47a4d9edb7c93e1
dem_3dep_1m,dem_3dep_1m/landslides/deposit_350.tif,1659936,9d8edefcdd7d9685a84d254e491faeeb49d67fd636d38c8af36fcd8842c131a1
dem_3dep_1m,dem_3dep_1m/landslides/deposit_360.tif,1816081,b4c2fade4e11e6b51344f9bce0ba0e587846d07ece088f93ac1c25fd6a488229
dem_3dep_1m,dem_3dep_1m/landslides/deposit_361.tif,2843767,64b2d75712f95016dc2a6dce9adf6b17855e306a9b47c52364ee38877d55610d
dem_3dep_1m,dem_3dep_1m/landslides/deposit_366.tif,1770403,3b9f26829795a04142d13535887d63907435a4dd9ec6680570a4e0cffd1e2542
dem_3dep_1m,dem_3dep_1m/landslides/deposit_445.tif,103691,a590103a05475bb878f6cecafe06a3840a267bb34f6778e8369b420e47843a81
dem_3dep_1m,dem_3dep_1m/landslides/deposit_446.tif,90835,fb783ce7cde5bb8878516b02b43642e9df2f2d4d2f2f2bf62eca610227e4ac71
dem_3dep_1m,dem_3dep_1m/landslides/deposit_467.tif,186725,3e30d7b6e19f56a696161b98fe24d5aaec52b7f3c0c071a2f047079b4b0bfde9
dem_3dep_1m,dem_3dep_1m/landslides/deposit_472.tif,1209076,c5caa0560c277bc4e2bf92f51e1fa1cca12bdb700dbdbe8e2956f3f7373469a2
dem_3dep_1m,dem_3dep_1m/landslides/deposit_497.tif,257900,e78db99aeb3fa9599ec4ce1b2d379586f76e7a6c5a5c1cc84ed9da1b762f5a6d
dem_3dep_1m,dem_3dep_1m/landslides/deposit_498.tif,459931,8c7b84fede6d317e59f3bcb8c7942d92c84942f7199460ca3f2aa9dea4114403
dem_3dep_1m,dem_3dep_1m/landslides/deposit_499.tif,443511,ae60fa5ad574f2969d37cb0b4011f2b14033a59f17344546210eda39669af3c3
dem_3dep_1m,dem_3dep_1m/landslides/deposit_501.tif,110589,fb1809b55a3672d0f132493c961bd935793a133f7210f875dd4be7d8b7fc049f
dem_3dep_1m,dem_3dep_1m/landslides/deposit_502.tif,252082,c2f838f7e49940c8e7d9e347c0399cbdf2fb83cf2188bff401c1c3a84f79ec08
dem_3dep_1m,dem_3dep_1m/landslides/deposit_503.tif,176338,a897975f98f0f5d9e24ba4aa8b182ca34cc470597b428319fc8528ee2c91082c
dem_3dep_1m,dem_3dep_1m/landslides/deposit_504.tif,1969162,63098c3b7bba7a303109ec34df0369a3688d5915473ae3ecf4fc438afce8ab0a
dem_3dep_1m,dem_3dep_1m/landslides/deposit_506.tif,152164,9f32037d713937f9b3108bc828b49325b5be57fbf467589d11e17a65f87f20ee
dem_3dep_1m,dem_3dep_1m/landslides/deposit_51.tif,5162484,9456e7afc97c30c3aaf9813277e455a4902255fe9e630716b4d9e3c165fc1e20
dem_3dep_1m,dem_3dep_1m/landslides/deposit_515.tif,3207751,d34959a441e0e8ae25569a5e7193b9a6ec04452a516ad9356fc52669d49ed3d1
dem_3dep_1m,dem_3dep_1m/landslides/deposit_518.tif,150561,021d3c3c8dc279d20a545dbe24e9dae96fa542aaad2722ba3499230635c5d468
dem_3dep_1m,dem_3dep_1m/landslides/deposit_52.tif,204477,bd3033b426a451c26008fa63c19cc07b35234ab2094c9cd5f66f46da89149f4b
dem_3dep_1m,dem_3dep_1m/landslides/deposit_525.tif,395017,4531f4e03d333b93cff4c43356d5ee53c92ee2b74a8d21472fc2b505ae17804d
dem_3dep_1m,dem_3dep_1m/landslides/deposit_526.tif,500139,86f8a4c9e1e3cb0cb6726dce679a4243077252ed556c5d8b79d8e2c1d8f349d5
dem_3dep_1m,dem_3dep_1m/landslides/deposit_53.tif,189964,2bd6c3d1bb7c097b7a7c8a10f7c4556118713b79a7f9b74e4ad6d94a6333fd31
dem_3dep_1m,dem_3dep_1m/landslides/deposit_531.tif,194764,fba5959bea7abd4da43cf04d3c381381e14f5e7c10fc8d6c112f1f261cb19b5c
dem_3dep_1m,dem_3dep_1m/landslides/deposit_533.tif,454057,c20138fb9b282aff909a884178f39a684fa19c18251dcd4defef2620e1bd456a
dem_3dep_1m,dem_3dep_1m/landslides/deposit_534.tif,146303,6b60be219dd665a743f527f8c0f123593b201df7a512eb1fb5c7031e980b1fc9
dem_3dep_1m,dem_3dep_1m/landslides/deposit_536.tif,282886,f7b594447f4767d7b8d021c96dda31a32c2873af36555831973c2c57b99e73e4
dem_3dep_1m,dem_3dep_1m/landslides/deposit_537.tif,7827098,50e50ffa948f272757547ca9260ee16ecaf04e2b336922e2a904622f509e2d4b
dem_3dep_1m,dem_3dep_1m/landslides/deposit_539.tif,53077,78895e8a4bbdd31d9f1ad74c3d1682b120e288005eaea40d89806539d3b35d76
dem_3dep_1m,dem_3dep_1m/landslides/deposit_540.tif,337310,b47c1dc5d0b41ce807424cace83bcd8d22496efc4b4ee30b1d83135c4384d07e
dem_3dep_1m,dem_3dep_1m/landslides/deposit_544.tif,69331,691878030f950cad50e2401b9c3281142e92692dd6ed1179772f109a8fe77668
dem_3dep_1m,dem_3dep_1m/landslides/deposit_546.tif,229404,207bea2e9d4e71d9ae4fe255fffd64708ff34e2c2f4073da3d151b88c270c50d
dem_3dep_1m,dem_3dep_1m/landslides/deposit_547.tif,210147,6a4b07534344ef2c1d70272884931f28f47f152dce71a3727d735dbb9aed0cce
dem_3dep_1m,dem_3dep_1m/landslides/deposit_548.tif,113601,17be87a5b7cf63d5fc5004f908d1bd54c986458b2f82d134d85a043d92d2beec
dem_3dep_1m,dem_3dep_1m/landslides/deposit_549.tif,122126,689448ca7ab5d5dcdc1f6253d4150e55822a24a0d1d7080c5c8fda32cab5caf1
dem_3dep_1m,dem_3dep_1m/landslides/deposit_55.tif,1034148,245b70a73ce466e8221cc59bd1447e1c280cb3d754314109604fd43bb39aa870
dem_3dep_1m,dem_3dep_1m/landslides/deposit_551.tif,482784,38b079eda23224dd12acde684c20af58faad109cf53d77e1b71ed2294a2062a4
dem_3dep_1m,dem_3dep_1m/landslides/deposit_553.tif,113782,ee7671a5bb6d28384a7851e8680f1e80b7941b41ab20cbd7ba5af5d70c35b3a9
dem_3dep_1m,dem_3dep_1m/landslides/deposit_556.tif,189633,7d51a43e3ed68bfdffebc12c6a50d64ba9feff8cfb524b3d7bd47f5a16ecf448
dem_3dep_1m,dem_3dep_1m/landslides/deposit_557.tif,1397315,8fb83cc82ab8bbc07c0da6de7e6c93b2134d433f493d8288f29694477adbed5b
dem_3dep_1m,dem_3dep_1m/landslides/deposit_566.tif,194930,f198447758ec1556a6e3ab79477fa05f39033e7b5f048810770ccc4837360891
dem_3dep_1m,dem_3dep_1m/landslides/deposit_567.tif,1770833,b9879d1e5577036fa87140198b4f7bffbe5f6c1316ca508ce93e0479359dbe65
dem_3dep_1m,dem_3dep_1m/landslides/deposit_57.tif,1239850,356650a3fb9014034110f24fbda1275b9ab93512acd57020faf12628070342f2
dem_3dep_1m,dem_3dep_1m/landslides/deposit_573.tif,533613,12fd4cc89d4ca73867deec6f659bd3b3c66d24228ff4a2305c633d6d84ca3c2c
dem_3dep_1m,dem_3dep_1m/landslides/deposit_574.tif,160107,1428fa5e207506b1843d5677369c3c3b698585663a960fed634a4b556de497b2
dem_3dep_1m,dem_3dep_1m/landslides/deposit_575.tif,85754,e8c82ea038ce28eea5efbc030ab496b66f2853d8882fe316756ba63ed7acba97
dem_3dep_1m,dem_3dep_1m/landslides/deposit_576.tif,433803,a1e549fe2e1fbcfa9ca4c785ed35be945608a3af5a6fad6a43371eeb5fce6054
dem_3dep_1m,dem_3dep_1m/landslides/deposit_579.tif,261842,d5b9b4c476b977b99d55924614fa6319424bfb366f23af15d959b8c7a9324267
dem_3dep_1m,dem_3dep_1m/landslides/deposit_580.tif,3337495,9803b070ea1f60098331f75ea4caf73c929eb9d7d2574aaa4ba653ad496a3ef1
dem_3dep_1m,dem_3dep_1m/landslides/deposit_581.tif,7690918,d7419d808044a55cbf590bc03288634927c49c4474f7088da605f48ca4873c38
dem_3dep_1m,dem_3dep_1m/landslides/deposit_582.tif,237791,3dfb5540a917cbea47e370bbc605c6dee349906e63a5266fc3b628e450312f0d
dem_3dep_1m,dem_3dep_1m/landslides/deposit_587.tif,332426,45185301a6b943465136979c48a5be6c51041862255767b156dc22db85388db7
dem_3dep_1m,dem_3dep_1m/landslides/deposit_589.tif,64854,2c4a6d3042717116dc180fbae03fef5c45fa96779f17df1f4a0dab92208ab935
dem_3dep_1m,dem_3dep_1m/landslides/deposit_593.tif,161550,02c64c8ec7cfbf09d7dd6b10f27e7ed971c6878e8671091ea97f720b02257f5e
dem_3dep_1m,dem_3dep_1m/landslides/deposit_594.tif,37881,5d154c652f022ee4fc638399fb25bd5c3db7550027c3d4dfced09364dd0b82a9
dem_3dep_1m,dem_3dep_1m/landslides/deposit_596.tif,334914,99a75476016f418193a223ecdd79fc5490fa63bf1ae61757a611c64d3eedd2f2
dem_3dep_1m,dem_3dep_1m/landslides/deposit_60.tif,1243414,bbb4728476a630e260f0f68f2e442765bedc2d4fe54e811b6d11ec95a98d3c3c
dem_3dep_1m,dem_3dep_1m/landslides/deposit_600.tif,831095,80ad787a96ea0adcda922f633565d47fbc6dc1eb6113a99c32547601008f0562
dem_3dep_1m,dem_3dep_1m/landslides/deposit_601.tif,796754,e4a6fd0d83cea9c96964e5172314351d8cd64b5df344a3eb1db9cc69c6ebf891
dem_3dep_1m,dem_3dep_1m/landslides/deposit_602.tif,434926,31d21970fd3fe55c79a6d8321b2848b8bba57eaf9e55dc17fb8b4bb886a36ee8
dem_3dep_1m,dem_3dep_1m/landslides/deposit_605.tif,247504,7b51bd4ea8f7c8bfcb15d2c252e53cb211d9afe1e8c50999adbd857abf433104
dem_3dep_1m,dem_3dep_1m/landslides/deposit_609.tif,46140,9108841dd22c2c42ff879b3cbab3c5505cb787e3e93931f7a50cea10e8afec6b
dem_3dep_1m,dem_3dep_1m/landslides/deposit_61.tif,1566498,96fe64152a8ff81d4666126a5baa4534612bc481754a76e98517aa6a3dc75fa0
dem_3dep_1m,dem_3dep_1m/landslides/deposit_62.tif,1003805,e756f629d69d81e2c6d4a679f1746cf9a960c199b885497c66877c1a870d7f2d
dem_3dep_1m,dem_3dep_1m/landslides/deposit_623.tif,226780,6b72ba95a0dcbb498d1dcdfb7424eb5c1642fe63088ca9adcb9fa0670d507175
dem_3dep_1m,dem_3dep_1m/landslides/deposit_625.tif,523743,8267090a5a3c7f3a2a591e96506b2f6ab98623f91cd51aa4372af443316c2323
dem_3dep_1m,dem_3dep_1m/landslides/deposit_63.tif,298551,c7eb2c1efededb50e31cda96219fec927f5ae57720f39a0c2e505fab6a4ec003
dem_3dep_1m,dem_3dep_1m/landslides/deposit_631.tif,981827,bf5209cbacf61d8a4dab455428d7b6d1f1e2acd6a83b92215fb6dce3fc0a2d97
dem_3dep_1m,dem_3dep_1m/landslides/deposit_632.tif,59203,0b123f964fcb58c109d0e55287475932bca956d88d3d41abb6b6c10c13a53b74
dem_3dep_1m,dem_3dep_1m/landslides/deposit_635.tif,384312,201ecb9375fb099aeca680bfe7605f43e070d5d03d212ecf28d48023440b3348
dem_3dep_1m,dem_3dep_1m/landslides/deposit_639.tif,240216,c8ca0e6c83e292e7456094e266f755037db18102059dc3a96c1b13d80b38d1b3
dem_3dep_1m,dem_3dep_1m/landslides/deposit_64.tif,343887,259df50ec0875044e8222ad85f0b4f731e3c3487b3b7c3640c02f49e37658bfa
dem_3dep_1m,dem_3dep_1m/landslides/deposit_640.tif,552167,2a2a921ecb5e4e94af42d75823ff02e739a9dcbea0e2918c694191612f61d94e
dem_3dep_1m,dem_3dep_1m/landslides/deposit_65.tif,866111,97d9696a69580f0f946ed09a46f74afaaf2a652596102b3f91c46fb0f4183fcc
dem_3dep_1m,dem_3dep_1m/landslides/deposit_668.tif,53389352,f65c68bc7eeee3b80d1b130ae0a0db6a8b6bdf447628b6f3af1983b90639c366
dem_3dep_1m,dem_3dep_1m/landslides/deposit_669.tif,19250903,daa36825117faf4e83e50af69c2896f36b35e05066420f8acc8860a44bfe7e00
dem_3dep_1m,dem_3dep_1m/landslides/deposit_67.tif,180920,47c3dc79965f071ea359b960fdf2dbec7a829f7f2f3f5b6158ae6c02f987ce7f
dem_3dep_1m,dem_3dep_1m/landslides/deposit_670.tif,2194204,e7021fcd6163926538c5eda02c53a619895543df4dca2cf0093049e0955adc1c
dem_3dep_1m,dem_3dep_1m/landslides/deposit_678.tif,78884,6f6e7140e4d76b6078d0c90cee831b1799c073eb21f9d3efc6fdce5455da5850
dem_3dep_1m,dem_3dep_1m/landslides/deposit_679.tif,120952,6908b01f623163797d7feefe514d555d97840a64e8062e8b2e3be1a317b1d87b
dem_3dep_1m,dem_3dep_1m/landslides/deposit_68.tif,52231,64c6460efc549379f3fe74353154ec6216825fa7afd9f60b166d0468b213f783
dem_3dep_1m,dem_3dep_1m/landslides/deposit_688.tif,31416015,c85fe461babddd7322fe434004a75e1a3f490a89cd62a7484eca4c9c454feaae
dem_3dep_1m,dem_3dep_1m/landslides/deposit_69.tif,7546602,b014a04f7584831d93f4b79dd7b8036d335052f748f1cce573950d5149ba7d72
dem_3dep_1m,dem_3dep_1m/landslides/deposit_696.tif,210223,b91e8327bd78b1f3e2e5a747e053b7dbdaa281363b30125f0d965ee875bcf840
dem_3dep_1m,dem_3dep_1m/landslides/deposit_70.tif,4799671,0cf2878d66ea12d2e24a21f579136e1b6098ef17ec19729c863e4a1f8a868cd3
dem_3dep_1m,dem_3dep_1m/landslides/deposit_71.tif,3624794,893d95c56662dede68fc3b8a1df2dd20ed3f32db89543654c10fe2d3d1dfd856
dem_3dep_1m,dem_3dep_1m/landslides/deposit_7186.tif,51579,8544f4957cd5966f79c6c0db7b77b587a33680ea2fcb283b8dd81722b0c46815
dem_3dep_1m,dem_3dep_1m/landslides/deposit_7187.tif,101540,4f31a77640a6078ba77bfa04adc608039106ec122b608edcffb4d889bde268d0
dem_3dep_1m,dem_3dep_1m/landslides/deposit_7188.tif,24808,ec272f71727ee3744c204f6b645870c710b92b844dd2f26b49a2affff7e451e8
dem_3dep_1m,dem_3dep_1m/landslides/deposit_72.tif,339313,3ff5faa7c69c4d7a9130035ea0974ec974f0b2c94ea1fa9c232ca31fc89563d2
dem_3dep_1m,dem_3dep_1m/landslides/deposit_7466.tif,283513,82ffd091cb303bb6a39f15a0c5d55f91b91493b9be1c9c6262d7fab88040f016
dem_3dep_1m,dem_3dep_1m/landslides/deposit_7468.tif,761813,f54c3a0776bcbf7cb4da72f18846fb6ce8d9d6a3fb6e92852adc5f243b059884
dem_3dep_1m,dem_3dep_1m/landslides/deposit_75.tif,619525,261aebebfa839e45672addf1cf447a8de5cac53e75efc31360757492ffa1751c
dem_3dep_1m,dem_3dep_1m/landslides/deposit_76.tif,1001441,921ab202338e87ed40b98a2a683aa3a91d798ebaf442d69a7532cc1dff7ffba1
dem_3dep_1m,dem_3dep_1m/landslides/deposit_78.tif,435905,1a694f42db0681e1f705ff836516112f50c5764ad94d9e1bbc3f1a2ca39b5e50
dem_3dep_1m,dem_3dep_1m/landslides/deposit_7820.tif,567874,f3359470d4e421c934795bcac652c8e4274a23d75cedf3ea556b038185ba877c
dem_3dep_1m,dem_3dep_1m/landslides/deposit_7828.tif,266780,bb61ed47a984e172144c5ce50bad98513140c7a038d2dc3e930b3d7b167e2eb2
dem_3dep_1m,dem_3dep_1m/landslides/deposit_7829.tif,341044,946f1499a1b28a5e903976676cde1aea81131916de2a9bd8c549d026be2a1f59
dem_3dep_1m,dem_3dep_1m/landslides/deposit_7830.tif,209780,6b6ad64caa3570dd66ab9901c5cdb7ec4cb946a33143b29074375b010dc84871
dem_3dep_1m,dem_3dep_1m/landslides/deposit_7831.tif,39813,d92655a441cdaa26114086689dab8941b5804bcf84358b348edc0b7993ab8df9
dem_3dep_1m,dem_3dep_1m/landslides/deposit_7833.tif,524302,737ec9cf6a7e19b71edd0a27848b803aa89a17317cc2b6cbfd7c4629b2edf97c
dem_3dep_1m,dem_3dep_1m/landslides/deposit_7840.tif,2659884,7215a960d362771497fe23022bc80e9637b39837b914438e0311d84f5095e6fc
dem_3dep_1m,dem_3dep_1m/landslides/deposit_7841.tif,90271,4563bda86309b1b2045551622149f21ad2c02d88587c2f09c170de5c21642f95
dem_3dep_1m,dem_3dep_1m/landslides/deposit_7842.tif,73179,5e3dfec689ebc345677633ff26cb3cabc5c64a3b903e7b207e4d3fb49d4e4b2f
dem_3dep_1m,dem_3dep_1m/landslides/deposit_7850.tif,103118,263e261ee8da6fd7b7c129da30138f6908b182607198271febe3db551270ddcd
dem_3dep_1m,dem_3dep_1m/landslides/deposit_7851.tif,83468,878968f15b7bdb07f92735abe847a6d886886ff2548a1cc5e36c8e6e096e389d
dem_3dep_1m,dem_3dep_1m/landslides/deposit_7852.tif,1427318,c108aae79df04ad2e01dd1b7ab8f160a7a56ed463b616554621def4d859682fe
dem_3dep_1m,dem_3dep_1m/landslides/deposit_7853.tif,487660,2e004ff80e007880a6a423fdb9281923eed96b29df9322ef71f623de1a772d29
dem_3dep_1m,dem_3dep_1m/landslides/deposit_7854.tif,283026,3d8646aad795b950f4a70840f88ae71c51f4ee56870a46aecf56288520dacd29
dem_3dep_1m,dem_3dep_1m/landslides/deposit_7855.tif,67039,e81e1b9701fdba924a8123630a112f33f9e7d590b0c69e7203ffdfe04410c71d
dem_3dep_1m,dem_3dep_1m/landslides/deposit_7862.tif,141790,822e87b00d3941c0edd76563fc769a25b2a52f6ff9644794c4f258fcb52dbddc
dem_3dep_1m,dem_3dep_1m/landslides/deposit_7867.tif,339783,78077e8c463c95b112ca9a0ee0c9aaf1b37e7ea5d8ec2c17052f2c32f2ec98b1
dem_3dep_1m,dem_3dep_1m/landslides/deposit_7868.tif,227802,677070b3dfa5421bee84e8c70e25971c2940d1bb8a8076c952597e65c0ed25eb
dem_3dep_1m,dem_3dep_1m/landslides/deposit_7869.tif,68603,eb3a95f1ebfcea9854aeac068219899ee7a6fe0c9f5d4877a6b8abc89de78f59
dem_3dep_1m,dem_3dep_1m/landslides/deposit_7870.tif,63307,604e74628bea8dbe3f068d71fc36d7900c3be2d400ed1e46de736f06937cdc01
dem_3dep_1m,dem_3dep_1m/landslides/deposit_7889.tif,213588,ddf65743aba9197fb5990c9b7310a422adba8584265891b54230003be0f41fa3
dem_3dep_1m,dem_3dep_1m/landslides/deposit_7890.tif,270381,ad4e74f42a9805a80924973e236cb6b26c972311cb7488c1613ac9a811c88ad1
dem_3dep_1m,dem_3dep_1m/landslides/deposit_7891.tif,399944,c1fe00b240338fd910da8c7a4775ae6e3cf0a7496f7c76e95535aa24c7ef42b1
dem_3dep_1m,dem_3dep_1m/landslides/deposit_7895.tif,52313,15e328c74ffa01e5aa8014fe63ecc7f8d142f03d12001fbda0542be729b22fdd
dem_3dep_1m,dem_3dep_1m/landslides/deposit_7970.tif,266449,7172c2f910798fa6cbb39d4f57d40062afe1a0bf0c5e9ed43c971254598f505d
dem_3dep_1m,dem_3dep_1m/landslides/deposit_7971.tif,75180,f9c0938c769d2673cd22a6e7e2559a88ba0525bc30a47ab73f936fbec9915306
dem_3dep_1m,dem_3dep_1m/landslides/deposit_7972.tif,25454,a0048f3af8155b3d1b174865a737c9f6956bd1318552db8a982c1a2474f3e77b
dem_3dep_1m,dem_3dep_1m/landslides/deposit_7973.tif,67786,d1c68e7dfa6b80cab23de5b7b2b6756371d27018d5775e0c76cdc2fe84cdebca
dem_3dep_1m,dem_3dep_1m/landslides/deposit_7974.tif,44357,5baf19b2d09c4f0dc428412c44bbc204e1abd88d5cc24a92dcbbd66815501ba7
dem_3dep_1m,dem_3dep_1m/landslides/deposit_7975.tif,34268,340750ab64dfb9c30d7b3ebcf73bbf67f505c2f84a3be66325d4b06288b09d25
dem_3dep_1m,dem_3dep_1m/landslides/deposit_80.tif,157870,92bcda75496b40cf4783ccd86df943d2e8c8b071ee71b5ab28653155559af629
dem_3dep_1m,dem_3dep_1m/landslides/deposit_800.tif,25483988,865f099cc1edc745db25da0155d237b01c3dd1b578cda912e96a80b7b7071e89
dem_3dep_1m,dem_3dep_1m/landslides/deposit_801.tif,755605,824007d4291769e5f6d8b7963db0ad8e6056ac25f90fb3585acf527ae76ba27a
dem_3dep_1m,dem_3dep_1m/landslides/deposit_8018.tif,291981,0d91e94db6aa95900e1f51190be3c4402dc6a00e557135823e7010e32ef3ad1f
dem_3dep_1m,dem_3dep_1m/landslides/deposit_8019.tif,199024,c8b94980b67557182aaa1d551cb18ced96e291e300622ec85e32b349cb701733
dem_3dep_1m,dem_3dep_1m/landslides/deposit_802.tif,1513888,e177138ccb250224ddeec262e0eb69b5d4e57120d05bcf7dc69d74d5b19c81dc
dem_3dep_1m,dem_3dep_1m/landslides/deposit_8020.tif,60168,b7f7d9e12c1554bcf194fd2292edddb64cdbd67346a9915ba3c7beab0a9723d8
dem_3dep_1m,dem_3dep_1m/landslides/deposit_8021.tif,1247645,51dc2fd666b680293779614aebdf61976b905dd7b4f45359221ebb73cb3f4ece
dem_3dep_1m,dem_3dep_1m/landslides/deposit_8025.tif,142261,92ee5fac90b92bbd1b94ab963a06db37e06863de1e22661d7eb488f61824b8e6
dem_3dep_1m,dem_3dep_1m/landslides/deposit_803.tif,2897269,2e28e89ae499c4e715ebcb71f35baa3ab30889fc287385d5547522a8b27ee266
dem_3dep_1m,dem_3dep_1m/landslides/deposit_8059.tif,285717,fd85d14628bc48382b1a2ce2c6ff7190678e74a700908d3b3bc568289f535799
dem_3dep_1m,dem_3dep_1m/landslides/deposit_8065.tif,542884,6421bf4842c7ab6d1b85717e15556033dac6291ff7a90c82d5ed97a63db22b25
dem_3dep_1m,dem_3dep_1m/landslides/deposit_8066.tif,84162,e06b72cfde9fd87ffd8a683aa82156b430ee930a62f405a94f17e7778600158e
dem_3dep_1m,dem_3dep_1m/landslides/deposit_8067.tif,936278,4568cc400342b91ceed97d4e77093205fe886c736d319095f6f11387ad0328c7
dem_3dep_1m,dem_3dep_1m/landslides/deposit_8068.tif,120565,f0c484bf829eee7e030782778266082bb6105c1064e7593581079b478d0b55dc
dem_3dep_1m,dem_3dep_1m/landslides/deposit_8071.tif,130903,e68dfa3ec89af384289ca5316cb19f73fb7d1bcb730237f97625e3b2ef75d67b
dem_3dep_1m,dem_3dep_1m/landslides/deposit_8072.tif,76136,e580db2f2ec43e3bb47a2c1b30f6ee9609e76db5fc41cd2b4f4a29445b8456f7
dem_3dep_1m,dem_3dep_1m/landslides/deposit_8073.tif,203955,a54a852ccdc88689bd9fafa323ceee4c6de07417cc151c57de60a959ea0c9079
dem_3dep_1m,dem_3dep_1m/landslides/deposit_808.tif,146917,6f38cb6c7eef8709f799819748461d741276a7f8146641d3350adff053a69326
dem_3dep_1m,dem_3dep_1m/landslides/deposit_81.tif,816422,61a57f2a9162caa2e9982e45e127795075d58fb4e347468388d0986825251c53
dem_3dep_1m,dem_3dep_1m/landslides/deposit_812.tif,310300,a48e5516ad9f984b5a4abd24cebd36cf20461bb572116fb82b3a43ddfa2af17e
dem_3dep_1m,dem_3dep_1m/landslides/deposit_813.tif,292335,5541e44e09a666d68bb880cb41272fe5e3420a308c8d6683f94a062eb5d8f083
dem_3dep_1m,dem_3dep_1m/landslides/deposit_814.tif,541525,585a6547d2034334926809485d0b57a96555ed2726906fd33da3a225648ebb70
dem_3dep_1m,dem_3dep_1m/landslides/deposit_8179.tif,3901428,3cf877fbc59187d152da25852ba504d69e06996b2c9a6440b4867a700a286ef4
dem_3dep_1m,dem_3dep_1m/landslides/deposit_8191.tif,57652,da762c2953d072d279d45e7c13f7aa3b0b84bec70d1df4d87531f989703a48e8
dem_3dep_1m,dem_3dep_1m/landslides/deposit_82.tif,438163,2d41403f9e7eb6402b92f44018c830d15115e016c711f71d175c8280a2444fc1
dem_3dep_1m,dem_3dep_1m/landslides/deposit_821.tif,14715443,6f3070d27dc599ce582674f2b4764a87ad59980dc93c0c1c420925bcbfb5894d
dem_3dep_1m,dem_3dep_1m/landslides/deposit_828.tif,1039696,9a789603e47990b6a11798d556e21ebac92911993c5942f02280b2a08ad55d89
dem_3dep_1m,dem_3dep_1m/landslides/deposit_829.tif,6865238,15a9c3bb38ecb22c51c7f52819408d058aa483bacdb169ca4fabcac1a0c99a33
dem_3dep_1m,dem_3dep_1m/landslides/deposit_83.tif,380147,7f5b193eb68dc82b4f8bc5236904d1bff32d2066d3e606510fd746981b48f97f
dem_3dep_1m,dem_3dep_1m/landslides/deposit_830.tif,72354,d52424ad83b18a6d015c6c6848ba2673c8796e41031f428729a9276e84aa0711
dem_3dep_1m,dem_3dep_1m/landslides/deposit_831.tif,215106,68ed8291b7dc8c8fedf78df9d4b80ca7a08611eee0bd15c98fd141fdae56865b
dem_3dep_1m,dem_3dep_1m/landslides/deposit_832.tif,279707,7589ff21baff1d470411f792df47dc7ec40b34c28da8d46bf565c688cf74a8ea
dem_3dep_1m,dem_3dep_1m/landslides/deposit_84.tif,602123,8e43880a7ba654e3cc80f6d822225fb63ca9c77a25baa66db4e132b8be524ef5
dem_3dep_1m,dem_3dep_1m/landslides/deposit_8403.tif,182960,7e661f91d438434fa6c3ad044fd55a23440f743ae08b9b0dc16be417e9478575
dem_3dep_1m,dem_3dep_1m/landslides/deposit_8404.tif,107351,3d6e2677ed5264d16e2c8026581892068dbea628d50f6790d3a151e1766f4e5c
dem_3dep_1m,dem_3dep_1m/landslides/deposit_8424.tif,55483,b596ec2820b408fb091f2b37422d89b1c5218d6b393e959e06052f25bddb6ea6
dem_3dep_1m,dem_3dep_1m/landslides/deposit_8425.tif,27100,49ea4e0f440b2bccf2d09a07d63fe7a2ba46e27e77ccb6fba738e6804934c740
dem_3dep_1m,dem_3dep_1m/landslides/deposit_848.tif,162295,86f36eaf772766e0f18a2f7f2461caac2d8062d60b38d0da034960149c8b7775
dem_3dep_1m,dem_3dep_1m/landslides/deposit_849.tif,153759,5e2149f14812b565d708e1d4f63aa5408bfc93c5119724cc1cd49d6939e40eee
dem_3dep_1m,dem_3dep_1m/landslides/deposit_85.tif,712798,ad46726d87cc9f95cb77546928c5c448bb5a8ea8023327982f22557fb096f584
dem_3dep_1m,dem_3dep_1m/landslides/deposit_850.tif,403671,e50bbae9536300f11e3b93430be26e39cad2cc47039fc08b5da3b7f4ae1c33c3
dem_3dep_1m,dem_3dep_1m/landslides/deposit_851.tif,1590248,b1e483e631c27808cdd60c352088f2b9537575f78917ef567cd6ee23596aa8da
dem_3dep_1m,dem_3dep_1m/landslides/deposit_86.tif,404691,f80f3214ddeeff2709f67ade0e233f26a3f4b39dbd3c3d21f6f6dc7f0b6e79e9
dem_3dep_1m,dem_3dep_1m/landslides/deposit_88.tif,4163802,75aad51e027b70e8612284e44ffcc6081cd1b992a34f61295b517910d106476f
dem_3dep_1m,dem_3dep_1m/landslides/deposit_887.tif,1789618,9f0b37b7a44a4ce27f8d48692594b0b03d6bdae68504acfda6405acc8ae751f9
dem_3dep_1m,dem_3dep_1m/landslides/deposit_888.tif,189650,0a271f10bdf921bd0bff7f61cbc9bac2cbcfb4a322460597ca892a6c825e6658
dem_3dep_1m,dem_3dep_1m/landslides/deposit_889.tif,1362184,832908a5b9c75ecca1ba458bfa27d252b647568858ea99d5d1ed429b07283c59
dem_3dep_1m,dem_3dep_1m/landslides/deposit_89.tif,106241,d401f01f1050bf508b8a9b480a8e388f4dc4f6a67367095b80daf7f5e40fe43a
dem_3dep_1m,dem_3dep_1m/landslides/deposit_895.tif,8542214,f514fc1738e8c6f23ddb6e4296b5049b06d73624ffd30caa543f7319965ffc38
dem_3dep_1m,dem_3dep_1m/landslides/deposit_896.tif,1002752,76d1cd7e55f3a32a6ade99d237db4a7d9db8fecf3d38ecb4872e8332921da073
dem_3dep_1m,dem_3dep_1m/landslides/deposit_94.tif,3413164,90ddde6280156562e53da0a17bdaf7065b0d444fff597edf4dc9a6cbebc78b7c
dem_3dep_1m,dem_3dep_1m/landslides/deposit_96.tif,1279856,f1aea6d106ed2d7e1ed1f17351140660458ce06f8c5b96e444099a2d1b6e8ec4
dem_3dep_1m,dem_3dep_1m/landslides/deposit_97.tif,2008011,569cd297048cc779b8122c8bc397f60baed81258be2edc7775c1fe7090ab6215
dem_3dep_1m,dem_3dep_1m/landslides/deposit_98.tif,1111725,d1beecfd02dd19da9dc8492eff6ebbf9751b5e07269a592a7161cdd87425be33
ecology,ecology/eth_canopy_height_clip.tif,16001928,3aec58472607016c9181fd7ab633ebf1a9c46df64aa14fe2797fdd1ff15ba160
ecology,ecology/nlcd_2021_clip.tif,11012316,127ce2b1c19ac507efdffb309cecf3f135dfef38ffe764889754110a76f574ff
emc,emc/iMUSH-localEQ-Ulberg-2020.r0.0-n4c.nc,5163296,5a80715a8f8cc24816fbf9d02f60392701d0f378a3a3407314be1713ad92cb30
geology,geology/dnr_gems_100k_faults.gpkg,167936,11f77ed235ad40b9c8582366eceb0b78969ef209ab4ad492233ad470633cc78a
geology,geology/dnr_gems_100k_map_units.gpkg,5476352,3458b2ed4345b806c82a01de8b9e5b5070e697ceb6378c51542e9e7ef0d5cd1d
geology,geology/dnr_quaternary_faults.gpkg,98304,d989a54e9150c5442aed2f7553dd0f9336c1f043134c6f21b377fa4334c43bdf
glaciers,glaciers/glathida_T.csv,3221366,78e1f309d35cc4d265ca104fe28d76e7140037839d8c6528986a96e994c807c3
glaciers,glaciers/iceboost_v2/RGI60-02.14254.tif,7812,286dcba839663c2b67f1259b4b9a58cab2cd87d4be0c0a7cd5440f33e808612c
glaciers,glaciers/iceboost_v2/RGI60-02.14255.tif,18174,09a06a02b655a60c20c57dfe2719b9833cebb4cc678f4ffa0ab6d832ffc29894
glaciers,glaciers/iceboost_v2/RGI60-02.14256.tif,17620,2a2be0a3325404c1173f44ec4bead33a53c453b3c573ae9f65a810a513346b62
glaciers,glaciers/iceboost_v2/RGI60-02.14257.tif,15515,87533dd0347f20b4026668df4cf3de8d61d3e973c2a825b7e31b8c4d3fdbf015
glaciers,glaciers/iceboost_v2/RGI60-02.14258.tif,5442,d1c44827df783c47f2289594312da804aaebe0426f79ef01072925eaf9c4c2f2
glaciers,glaciers/iceboost_v2/RGI60-02.14259.tif,19795,58ba066a1739a895a34c055e7a3887c3a9b671d3f8fed2aea7aefa1fed06d4f6
glaciers,glaciers/iceboost_v2/RGI60-02.14260.tif,7967,de44bd534fb6d3542e2faef3121e258a358777fdad335e42bfe927f4ff9755c2
glaciers,glaciers/iceboost_v2/RGI60-02.14261.tif,6353,492284ddf27e8467fcb1ab909b1e971dd8e0f9bf01734279d2b8733c38c40e61
glaciers,glaciers/iceboost_v2/RGI60-02.14262.tif,10681,fdb57d164ba3abcaaadb3546e40f2429cccc9d1d6da0ef5719a2b1f9c31d376b
glaciers,glaciers/iceboost_v2/RGI60-02.14263.tif,13359,3256709fe97ec74c661336798faf5c0f0c7d26f0b7812ffd69438be17372b879
glaciers,glaciers/iceboost_v2/RGI60-02.14264.tif,11899,a3ed92fcd47366567c849a82067e37c134f36e7ceb4f3c4dbc0ad5b4a08aade8
glaciers,glaciers/iceboost_v2/RGI60-02.14265.tif,11949,9266f2175764941c0616fcda3141c0b8da00444fd2e2eadc8be11edff948cd72
glaciers,glaciers/iceboost_v2/RGI60-02.14266.tif,12348,6113c4c8a0da3de39d101850eaa33e2b065355784458215526fe00e5c5bc14b9
glaciers,glaciers/iceboost_v2/RGI60-02.14267.tif,7328,c99ab7c6236133368090126f179701f8d713cf55d83ee0147b4a97f7d0af2d1c
glaciers,glaciers/iceboost_v2/RGI60-02.14268.tif,10564,bb7d5488bc85c0298fe5f679c648fbc9036bb701926f135aa891e5ecddda87e0
glaciers,glaciers/iceboost_v2/RGI60-02.14269.tif,9851,3c1459c141dd39f473f0e15e56835a0bcda377d85dfcb9b4f7733d0631dab433
glaciers,glaciers/iceboost_v2/RGI60-02.14270.tif,13956,0f4100cb1647f23d708e75f8557dea887369dbd0b2b05686a07b34fba5964bb2
glaciers,glaciers/iceboost_v2/RGI60-02.14271.tif,12568,a360244602316f97fa6fed4d255f1da6cafda3f83a796ca242ba907a822f310a
glaciers,glaciers/iceboost_v2/RGI60-02.14272.tif,14116,944a27fb2896b60ca65e546dcf4d873e8d84c68ee759f34a50a5fc0489296cac
glaciers,glaciers/iceboost_v2/RGI60-02.14273.tif,9869,a5eceb89edc387f73d4b2a7094af7ee4382490f3e443cb4f8075b565debfa6e4
glaciers,glaciers/iceboost_v2/RGI60-02.14274.tif,10173,4d46c1615679f87be6e6d2a8eba327c22f67d56151bb23f6cf0532596a0636ce
glaciers,glaciers/iceboost_v2/RGI60-02.14275.tif,9361,75c5f6399765524429621b910b0f5377cb28ad8ec0f55df9452d8103b51acbd7
glaciers,glaciers/iceboost_v2/RGI60-02.14276.tif,12889,2342448fe52664a8c27841d59bb9acf1ebe21c9bfd74437c80a04a9b130c362c
glaciers,glaciers/iceboost_v2/RGI60-02.14277.tif,8037,9a6546a0e76320611895e9b3a6dd6ed5e7e778ea93ed8a882ea79308623915f1
glaciers,glaciers/iceboost_v2/RGI60-02.14278.tif,11491,3359dd498a8723b2adea4c0b47faecdf859e9fb25a95c3b710b80110dbea2938
glaciers,glaciers/iceboost_v2/RGI60-02.14279.tif,12547,fc12d94e634da669baaf7dd374b85a89fde888dc95a3b0bfd577078fb68b2f74
glaciers,glaciers/iceboost_v2/RGI60-02.14280.tif,11042,8fb65c813bc4d48b56d3926aec2113762ab9b9d8d02b1541427084b11006deca
glaciers,glaciers/iceboost_v2/RGI60-02.14281.tif,13641,9b80b25fe6bc7bd5e4b27d223d883b3b6bd86f9c8c00ab40b27f735ecbd6b28b
glaciers,glaciers/iceboost_v2/RGI60-02.14282.tif,19018,7290c0752c5d56c23679ddae0aecbc0189f7b4cc0c06409f16d2af2c69d48242
glaciers,glaciers/iceboost_v2/RGI60-02.14283.tif,9886,745add5030d2f37e6b33fafff1ad53b084eed6143dc153ed06f06cbeda9a358a
glaciers,glaciers/iceboost_v2/RGI60-02.14284.tif,13799,8e6414d9953c35154e93db402dfb2ad3a213781737d36358efb16f04c3a1989f
glaciers,glaciers/iceboost_v2/RGI60-02.14285.tif,12633,d3b3f9b315b63b5b0dfcfac5b785e36b4ba3bf0319a4c7c916d296215d19ebf1
glaciers,glaciers/iceboost_v2/RGI60-02.14286.tif,15057,c9a800ed135d9a14c20c568aee43f3cbe5493a0e7e10a93e3693d646d98aeffd
glaciers,glaciers/iceboost_v2/RGI60-02.14287.tif,12620,c27520750f246642cf5220a0a3fdba38adbf20d5e1fa6cf140dbfba2be799f0a
glaciers,glaciers/iceboost_v2/RGI60-02.14288.tif,12527,9d008712cfbb5ed1f12983f52896946ee00eeba78af7026e3cf3675b33591510
glaciers,glaciers/iceboost_v2/RGI60-02.14289.tif,10719,984135444afc407258158c3c5995a225f1fcfd2b8a55355163b4226bc8923727
glaciers,glaciers/iceboost_v2/RGI60-02.14290.tif,9919,575730ff9b5f4e4be39bd96c67d14a0908afc818862d8739162715966460df29
glaciers,glaciers/iceboost_v2/RGI60-02.14291.tif,11301,c44877ac92a3a0b215d7e47f7642a49e8076e4246910850ca03ae96233359eea
glaciers,glaciers/iceboost_v2/RGI60-02.14292.tif,16310,cc585fd16ba25d17b3d982c1ab162c1acde399ce5f76d7ef1c8dd909a1caa1a0
glaciers,glaciers/iceboost_v2/RGI60-02.14293.tif,14230,6e94cffe106d33c6cb2822459feaf1415301e69885cda0be9860cac32b698f9f
glaciers,glaciers/iceboost_v2/RGI60-02.14294.tif,10014,bd8f2ccd4702f9bed7cf3087f39666ab1401b977e293646b9fb767d85d5db836
glaciers,glaciers/iceboost_v2/RGI60-02.14295.tif,8708,b85251c63917061a0850b2c0e90a58136dc677aab9dc12bc4e2615ab2182f55c
glaciers,glaciers/iceboost_v2/RGI60-02.14296.tif,11845,9113df4aac7c913df5e3b90233eeb7842f0270eaf5929ce7efa337c715c20ab1
glaciers,glaciers/iceboost_v2/RGI60-02.14297.tif,22391,26f7cc9d36dfb877d80447772f714dc6fe7f129cbdd015bb836335ae01d3f43a
glaciers,glaciers/iceboost_v2/RGI60-02.14298.tif,9013,e0000a227c8735e335e64c3c544201cf42a0879220440ad99f5df49799dbc2eb
glaciers,glaciers/iceboost_v2/RGI60-02.14299.tif,17106,c922db6005e0c970de7f4eb1248d673532c4460a726c85cfb7f4f75127fb80ec
glaciers,glaciers/iceboost_v2/RGI60-02.14300.tif,11272,120be78279bb43bad72528fa301b8b15dee63b8826c6801d5ef6ccf324f314cc
glaciers,glaciers/iceboost_v2/RGI60-02.14301.tif,11970,2e7f6d27c21fdca37b4fd226d80a158f6f2923f4afb444f586177a3f74dbe068
glaciers,glaciers/iceboost_v2/RGI60-02.14302.tif,13517,6a22b493572042aba71931649ee304c71ed5ff946f64e886f6d3c93906955ac1
glaciers,glaciers/iceboost_v2/RGI60-02.14303.tif,10015,93dfb1d3775163ed18322af49709c0e34b41f10f5e274d9cf3a2b1d7ebe27fc7
glaciers,glaciers/iceboost_v2/RGI60-02.14304.tif,17118,d720617be02efb2134e00919dedb9bbaa204ff71a5f356c9bbdd68b0862b74fd
glaciers,glaciers/iceboost_v2/RGI60-02.14305.tif,9786,ab59ef1d349a9a3532a225c9b5b81df2d346d2e233f1121267106a0df177c45d
glaciers,glaciers/iceboost_v2/RGI60-02.14306.tif,21695,21e2a63420b07bbbf503d463dcf6c470c3400e070eb1e45881d0127da07b2a9d
glaciers,glaciers/iceboost_v2/RGI60-02.14307.tif,4814,459d3f647b392f23007042762e69829e6cb6132283ea35cf5dec1a84c8659659
glaciers,glaciers/iceboost_v2/RGI60-02.14308.tif,10270,19e949746881e201484c71c901a38030f8fc290a7284d30fb10ca6198662a6b3
glaciers,glaciers/iceboost_v2/RGI60-02.14309.tif,6482,dd9ab4202727b40ff69f99e890cce70cac36d2e36ba061c9069830b062683255
glaciers,glaciers/iceboost_v2/RGI60-02.14310.tif,9507,1e7356f9ac74f391afe9819d066390413f31625fce314ecd308bdf9089974937
glaciers,glaciers/iceboost_v2/RGI60-02.14311.tif,11452,b083371d49d1300748d0d53a8f15c55b013d2167cf360fc46d5f75354903fee1
glaciers,glaciers/iceboost_v2/RGI60-02.14312.tif,12923,43772ee120848964f83abf04c8f6ece3442876361f4fe665a7098c8d865fbf26
glaciers,glaciers/iceboost_v2/RGI60-02.14313.tif,12853,355ffbf15e4d0cd1b547e10df0e91e876b37d022f9c3f62136edd63f98d05579
glaciers,glaciers/iceboost_v2/RGI60-02.14314.tif,12773,79347d1eb08c73fb878230d850340fd95975b3ea07b6b439b3f460a4743aac81
glaciers,glaciers/iceboost_v2/RGI60-02.14315.tif,8915,8fb8091a19543cfdb57e9405890c7001b9afd9ad6ff4cceb068e088647e89189
glaciers,glaciers/iceboost_v2/RGI60-02.14316.tif,13681,da19e6971aa4f4daaf7f5794d2cf4f1473c8031980f41c9de4bab474a0c80752
glaciers,glaciers/iceboost_v2/RGI60-02.14317.tif,8965,eb5388faf790476c70b9cf017bd7b6178d993d59ebaf86bf6a66a0b57547a473
glaciers,glaciers/iceboost_v2/RGI60-02.14318.tif,9594,064cba009255fbb085eab90e86bba4345935921ee21dfc0efb3ba796538cb3f7
glaciers,glaciers/iceboost_v2/RGI60-02.14319.tif,13162,12ac43be2bab94c63409dfbb6c0e16dc088d7b92ff3af34d2025676816ddcba8
glaciers,glaciers/iceboost_v2/RGI60-02.14320.tif,14026,88ef0728d02c2cde0512abbe52969f78337c5678f5473745816a5f394a496d0c
glaciers,glaciers/iceboost_v2/RGI60-02.14321.tif,8759,80d2f1751ea01b1aec28a77ae0dc938a85dcb002b51bd752d59211c7a7fa9249
glaciers,glaciers/iceboost_v2/RGI60-02.14322.tif,10024,f1495499f4d1512da522215c579c21049956fa2c4c21f55b0424319334a48008
glaciers,glaciers/iceboost_v2/RGI60-02.14323.tif,17266,c3e54fa35f25897e0cf026125612581d1d7c4eacbf8c757beaba1e6dd597d3c3
glaciers,glaciers/iceboost_v2/RGI60-02.14324.tif,9893,5fb68a7abe6cd64ddd951bf8177d5c9c727da70813ce3538693fc8de481c6e66
glaciers,glaciers/iceboost_v2/RGI60-02.14325.tif,17410,b7031816fde6b1d945c7ad54a3f44987fa0c29ec908584b333cce300d58221f4
glaciers,glaciers/iceboost_v2/RGI60-02.14326.tif,9426,aed7827d9faaedea8ee94ad1b444bafc979c2c69a808d9ce61dc14df6ed3d145
glaciers,glaciers/iceboost_v2/RGI60-02.14327.tif,12619,6c4640cebbfddf5ad56646da4b5ffffeffb22489e498820692d7664126105ae0
glaciers,glaciers/iceboost_v2/RGI60-02.14328.tif,11114,7383a4ee9ef97820e3ce339f057941d868f3bcdc0fe125d3987fe4a593fa8324
glaciers,glaciers/iceboost_v2/RGI60-02.14329.tif,11477,5e86a09af38904b9790e92ad1e172c8cad08738999f3b0be64f7a2250297f5ef
glaciers,glaciers/iceboost_v2/RGI60-02.14330.tif,10296,23649cf997370db70e7ef10e11b5c4987f929909e9c3bfd9fdd137eda1816d55
glaciers,glaciers/iceboost_v2/RGI60-02.14331.tif,15845,026e5fbf127f083ea7652000bef747128cf1dbec46bf40e875276dc711782d40
glaciers,glaciers/iceboost_v2/RGI60-02.14332.tif,7783,a2c11375c84c1593f64ff4b083e756438b003a22d8b1adf76faa6f23b637dd23
glaciers,glaciers/iceboost_v2/RGI60-02.14333.tif,10285,df6cf8c3a656321687d657d7f3ee55afc812b6fb138e4803dc12309152236f2c
glaciers,glaciers/iceboost_v2/RGI60-02.14334.tif,20645,fb51e6a7854c0c0a2fb346e9288f13c741c2e854d641e532be2aef5b18bf898f
glaciers,glaciers/iceboost_v2/RGI60-02.14335.tif,6598,d03c181176fc1c1579cda3df78d8c19de85fb3685a1d1f826e61f92c10877d3b
glaciers,glaciers/iceboost_v2/RGI60-02.14336.tif,10564,0bc85f53cc3838eebebc6c994035cf60462b19bd3f9f7288af04953ca3884ba7
glaciers,glaciers/iceboost_v2/RGI60-02.14337.tif,8642,b240698b28525823c2ab468a9c28f3fb40b32c3c49406bd293b0cea467bfebb8
glaciers,glaciers/iceboost_v2/RGI60-02.14338.tif,11398,aa92d2c7af6bfa521bb5a46abf552c5fd24ea5c51f13b3ecff3933e2e7077adf
glaciers,glaciers/iceboost_v2/RGI60-02.14339.tif,14657,6cd09efb6807e33fe6e536a69d5ee2c5785a132b4ef7b810be37bd68d1727cfc
glaciers,glaciers/iceboost_v2/RGI60-02.14340.tif,11204,b412264e1a1475b90dff478e2d770e28e9c4287d10f08092b874f09930dcb50d
glaciers,glaciers/iceboost_v2/RGI60-02.14341.tif,5964,f443349f9078ecce23260d12fbad4f0d09cdbbe7f2c04c564d2c6204c293cdc9
glaciers,glaciers/iceboost_v2/RGI60-02.14342.tif,20164,a67b1f98fd65dc11780e24a01321f8797db4a5d40aeb12cc9912b592c9450b0f
glaciers,glaciers/iceboost_v2/RGI60-02.14343.tif,7904,d94c7316009f628b2f60dcfe8ec366b32abeaae735bf280ad5f942de1289ee5c
glaciers,glaciers/iceboost_v2/RGI60-02.14344.tif,8929,6f3186ccab50cc07117a6f23f0db9df946277bbc53cfe506b315eb0f937e59cb
glaciers,glaciers/iceboost_v2/RGI60-02.14345.tif,16425,c6a17d8d5920dfc6e10596dc58c871ff60b12136eddb0858b5877c49945514d9
glaciers,glaciers/iceboost_v2/RGI60-02.14346.tif,11884,2e7650253c63214b97c79c9b4efd15532e03c0f0d2c2d8f5e31f41956650902d
glaciers,glaciers/iceboost_v2/RGI60-02.14347.tif,8832,76fb82cd3234ae6b32c26ccefa25faa01c7e97c841ab5bff52105926ed8e55e6
glaciers,glaciers/iceboost_v2/RGI60-02.14348.tif,15247,15164aa956c0c13f4d5b880d4cfe2bf417e426ed6b6cd4ea3ba69ea080cefa05
glaciers,glaciers/iceboost_v2/RGI60-02.14349.tif,11201,50950c666d137e8e54996e2d8e7b7a7c4194c0b3ad067755580d880bc27a2685
glaciers,glaciers/iceboost_v2/RGI60-02.14350.tif,12201,3b051e94a919a07dab953e316c4738d3c485d5f3f9fd35bfbd30a252937cc0ef
glaciers,glaciers/iceboost_v2/RGI60-02.14351.tif,12857,d0a32f4a6839cf2e9b6094898e8c128d9267494234ff322287a7dabbc3358c04
glaciers,glaciers/iceboost_v2/RGI60-02.14352.tif,8070,4cf94849218180558f30274b8a672cb3ab5f7033318fde416779ffb7e99c978e
glaciers,glaciers/iceboost_v2/RGI60-02.14353.tif,21893,3f3e3d5d51e91218761ef0d85247865820041f666946e26bf2bf34d5e06d8585
glaciers,glaciers/iceboost_v2/RGI60-02.14354.tif,18141,1c50fb9d1d91b35d2ef4a82db49ee14586c7a7cf9a02d0bad3ff03275b6fe512
glaciers,glaciers/iceboost_v2/RGI60-02.14355.tif,14977,b33335def4c27db68f98d128b3c849d80eb5eee623bfdefcfa6563617aadae1c
glaciers,glaciers/iceboost_v2/RGI60-02.14356.tif,7024,c4e50ea52f0a03913b3565d56149f80a5041dcc1751a198fd724bb8d6afc1021
glaciers,glaciers/iceboost_v2/RGI60-02.14357.tif,12660,e35ac77f0f0f0c66d99ebbe213cf67fbb34444b495ea9f63daf262f4ed44bcdf
glaciers,glaciers/iceboost_v2/RGI60-02.14358.tif,16826,ec44940d3e3b57c404f92ef729ad39de9cc4fc0cc7c39d40a5e7229a37fbc4ce
glaciers,glaciers/iceboost_v2/RGI60-02.14359.tif,11877,fbf31eb441808bbf50617312f4da097e4d76063c64d22da03e8811359d34fe4e
glaciers,glaciers/iceboost_v2/RGI60-02.14360.tif,8746,e1df4f2ff8292f1ab49da8e5c5742463123fef44c4fb0953ab7774ff1e3512ec
glaciers,glaciers/iceboost_v2/RGI60-02.14361.tif,10367,5239dd8070ba606a8ef1b375591b0144c42b01e91a599135e01b41b4c65f7fa6
glaciers,glaciers/iceboost_v2/RGI60-02.14362.tif,11236,913365c2ccfc6deee194b728442a8f6450dcb79d864c12e54ba2efae0edb80e4
glaciers,glaciers/iceboost_v2/RGI60-02.14363.tif,9249,fdcb0cd2da46943b5780bdcc32baeaf9f3fdb2a78f8061a347f9ef78a49c3561
glaciers,glaciers/iceboost_v2/RGI60-02.14364.tif,19579,0333506be6ae11e7c17942bc6b85f331506e23ec16e632d7a507430ee7283d61
glaciers,glaciers/iceboost_v2/RGI60-02.14365.tif,12187,0a90879e0ffff3ff07f3a8e0c13d1ba28fd408fd1d307eb847cbcfba4dd167b0
glaciers,glaciers/iceboost_v2/RGI60-02.14366.tif,7883,48bb66f9bb62791a29d4fa1efe412757fe2bf4ae6ab4d7bfcd7179f5de0602c3
glaciers,glaciers/iceboost_v2/RGI60-02.14367.tif,10702,ff78c0ffa00f3554ddb200b1b2c3b1cafd1668312b8f9977f9a46f79c89220ed
glaciers,glaciers/iceboost_v2/RGI60-02.14368.tif,13627,216a72a70fa84a957cca13ec46ab35612918e153b25ec626b65c02aa0e4d81d4
glaciers,glaciers/iceboost_v2/RGI60-02.14369.tif,7493,5764a9521c2ec2a4c5dd2b663c9351912f617d51f4722d0e3030f2f9d26fe77d
glaciers,glaciers/iceboost_v2/RGI60-02.14370.tif,15448,2cefbe857b0a4c613700096eea277aac7cd15a37722e3a8f6ba9a362a1604e2d
glaciers,glaciers/iceboost_v2/RGI60-02.14371.tif,8008,8e484de5a9d3a55a6bfb771af0c71a42c88d33cb92c8e78d7c590a9d05b8cdf9
glaciers,glaciers/iceboost_v2/RGI60-02.14372.tif,14631,800a12724953d7ce470e2375d69bf9b4cf2c1eda5b05c6f7837d910118abfc68
glaciers,glaciers/iceboost_v2/RGI60-02.14373.tif,8812,7f84d791e17f90d69b408e3eb97eaef3551c01c739cc36fa842fbb268a17867e
glaciers,glaciers/iceboost_v2/RGI60-02.14374.tif,9943,aa63b0d9996fd6aa2ae5e0b759f5c5d340e098a250291742b0eae203ef04751d
glaciers,glaciers/iceboost_v2/RGI60-02.14375.tif,11190,47021aab2d5f1641652014e1b6a0a30346ea8a5b81b3c01f3725853646e5d5af
glaciers,glaciers/iceboost_v2/RGI60-02.14376.tif,13944,aca6b6cf778c25837af4c795e241d8475375444cfb6cbb307597e79b59904faf
glaciers,glaciers/iceboost_v2/RGI60-02.14377.tif,26040,baaceca5ac257e6236a57bdbe13b6c1a494ca8801de7e75e7a877e362c61ca15
glaciers,glaciers/iceboost_v2/RGI60-02.14378.tif,9857,e2195131013225ad7f224ad2bf6fc1355a473ce89e9b02e113b3ecc1ac499c85
glaciers,glaciers/iceboost_v2/RGI60-02.14379.tif,16391,c6b813e21504b7889eb1155245e7d79c8f3e67bdb6bed46b736412a954b2210b
glaciers,glaciers/iceboost_v2/RGI60-02.14380.tif,10830,370ad8e4b0314bb3b67692567ea91b5a6c1faf4acd56fb32119841997dc0d225
glaciers,glaciers/iceboost_v2/RGI60-02.14381.tif,8853,0af77f8ff523732133871a7aaa8952a5d037c8f4afd1738e5eeaa77e3bd3fa28
glaciers,glaciers/iceboost_v2/RGI60-02.14382.tif,9764,32e0171deafd78f9d81eb79fc6e93072efe87cb8783445a8b78af38237df7730
glaciers,glaciers/iceboost_v2/RGI60-02.14383.tif,12428,6e3ab4b6ec9e9883bfe18efce0d751c5de78170c042c95c5e159af8b1625f0ba
glaciers,glaciers/iceboost_v2/RGI60-02.14384.tif,15179,785f1d1be8a41d8d62da9488fdf392950151b65b3dff0ce848e49911f8e81493
glaciers,glaciers/iceboost_v2/RGI60-02.14385.tif,9753,d0a928d0ecf501797a52d7af61d93ad8c50dab536a9ebc8fdce2404cc7d35e72
glaciers,glaciers/iceboost_v2/RGI60-02.14386.tif,10723,a325606a6e177efdcf27c0bff03f9c08e635938a7fac27882b35d7d141a3e288
glaciers,glaciers/iceboost_v2/RGI60-02.14387.tif,10754,1ab5af17c4be61697ed941b89afc544e833d70d9db07dc77f03c6e3d10a4fd22
glaciers,glaciers/iceboost_v2/RGI60-02.14388.tif,12416,834544bf7154c886a5d9818cad4a869d314aabd0fbad170c290dbfda84737c4e
glaciers,glaciers/iceboost_v2/RGI60-02.14389.tif,9953,7ebcecb62af71669480367ee3ef6d9740c059b686253229ed4737ef7340d9e9b
glaciers,glaciers/iceboost_v2/RGI60-02.14390.tif,9927,bcf2725e5cb7f7021decdca109c33ba888531e84325174e288033c48c58c7216
glaciers,glaciers/iceboost_v2/RGI60-02.14391.tif,8221,69c923d8ed8935989c1e3a4c83dae66ace9eb40881ce549a9db789455f0001fa
glaciers,glaciers/iceboost_v2/RGI60-02.14392.tif,8757,c62bf24e5ea9a84bd5123c4e30a705b57b40f844174a8551277dcd9e26e0d531
glaciers,glaciers/iceboost_v2/RGI60-02.14393.tif,11122,d50d37faf67d8cf00a936274d669ca2f9d7bf073e2029ce3817b35955884f81a
glaciers,glaciers/iceboost_v2/RGI60-02.14394.tif,12467,3ca4d5c1bc6d82752a6a15f0fc21c136a7121e0f2bfdbb813f07df66556e1e1e
glaciers,glaciers/iceboost_v2/RGI60-02.14395.tif,20120,0d7f9c95e20b7fb4548dbc547ffcde080fa3fb6c8c7be29b2d2d9124e054b88b
glaciers,glaciers/iceboost_v2/RGI60-02.14396.tif,12525,8cf1c377c048913595f23a7a8696f8e627188d113d1b82a2b43407b3b3d25464
glaciers,glaciers/iceboost_v2/RGI60-02.14397.tif,14969,333dbe3e9de7231a8a8eafc2efc10b1cb304be88c738f2eedb2cfbe3406c6d95
glaciers,glaciers/iceboost_v2/RGI60-02.14398.tif,10019,b5921f1846c9c664b86670343b15527030046250e34ffef8beead8eeff733008
glaciers,glaciers/iceboost_v2/RGI60-02.14399.tif,12675,61c76703c023ac8ec8789edda81df9b6e8ec2cd6609f1badae57a1d40406be9d
glaciers,glaciers/iceboost_v2/RGI60-02.14400.tif,12777,338501b16cca024cb5c566f78fb5bfd36898841478915eb7005a9eeb7a7545c9
glaciers,glaciers/iceboost_v2/RGI60-02.14401.tif,13288,c18327e0e6f642fc45676fb56c2fd0f4c0824e9433afee96ed71100374bce90d
glaciers,glaciers/iceboost_v2/RGI60-02.14402.tif,9397,d72a9096f5d0c3dc10f6bc49218076ef9a8dc20e0e8e7170ff171dc09b8b7f97
glaciers,glaciers/iceboost_v2/RGI60-02.14403.tif,11939,4f1493b2c06f87f120e0cead8fbcc50654c6e16c440b79293ff09bd7f5c50e6e
glaciers,glaciers/iceboost_v2/RGI60-02.14404.tif,10217,7f53dee2b6a322f8e41e0a95776e5ff77ce76eab290a7abe50081135246344b5
glaciers,glaciers/iceboost_v2/RGI60-02.14405.tif,7853,2461ab95b0a9f1a002bc5defd934c4ea42c6b948d18131d0982984821348a4db
glaciers,glaciers/iceboost_v2/RGI60-02.14406.tif,6317,04298bb72059192408be97e7345655b0fc50a6c6be2c49d8a795b695b5774215
glaciers,glaciers/iceboost_v2/RGI60-02.14407.tif,10261,3a2856826e00dd0b88309748c3aaa4073544a69011af7278fc3c51abe36c229b
glaciers,glaciers/iceboost_v2/RGI60-02.14408.tif,7927,65a95f20045533e6cf2f94a0b0d2e7852d311c8183929e72417ca38d2022a92a
glaciers,glaciers/iceboost_v2/RGI60-02.14409.tif,12018,e2eeafc2e45c308d39457f4b7122e6383b62ef3757440de4aa9118f7ec2e5481
glaciers,glaciers/iceboost_v2/RGI60-02.14410.tif,10055,0f25f123c10de0184373a0736c10b8a9f540f1eca630db49844eb1c0f3298743
glaciers,glaciers/iceboost_v2/RGI60-02.14411.tif,12146,cfc2012e0e39effe5e73d28994f66d0030e9ff92533a82285376305654402edd
glaciers,glaciers/iceboost_v2/RGI60-02.14528.tif,13559,a9a3b74a4f3b7aefca6ab386df49a8398329c09c82f59184d364cf27b970a6c5
glaciers,glaciers/iceboost_v2/RGI60-02.14529.tif,13532,34a669cb52810eb19ee69f5ec5fe41ced6456b4855dcaf7f2b600e9c04433fc6
glaciers,glaciers/iceboost_v2/RGI60-02.14530.tif,8898,b010a55c78c3ae2dcb51e8a087aa018adf0c1be696b17243f3e3041e423af02e
glaciers,glaciers/iceboost_v2/RGI60-02.14531.tif,10400,d2009ac08812f7f8c2fccdfdc0b5e483c79bf80c6cf1a5831674be8ea0b491e5
glaciers,glaciers/iceboost_v2/RGI60-02.14532.tif,11564,245bfd8354e97759ba578a80092e34b2354862c8ce4c71483979e9f7524bac69
glaciers,glaciers/iceboost_v2/RGI60-02.14533.tif,9118,a02c90ac6f62edbf4e95244ff3f5ca06ee900b66a5e99b046084d2eff1b0c37f
glaciers,glaciers/iceboost_v2/RGI60-02.14534.tif,10808,7b25571d601144fefc760fdc484ba91bada22d210857d4f42a7f67b2527939df
glaciers,glaciers/iceboost_v2/RGI60-02.14535.tif,12497,61718f335be3b2fc45cc6b6d6bd518a320a398d071e208e6d35cf9421463e0d4
glaciers,glaciers/iceboost_v2/RGI60-02.14536.tif,17350,1b8aa8f39126dc531f55eef0673794e2f5d2458bcbb875c3a44064ad4832f6eb
glaciers,glaciers/iceboost_v2/RGI60-02.14537.tif,10464,daf0b79661ed9ce7ac3a31848ed5f3d7943c93b3d18c910eaa6ff8fa77a6182d
glaciers,glaciers/iceboost_v2/RGI60-02.14538.tif,13655,c8198946e42fe6c5c36b8f63cbf878a0689bca408cd246a19310ce2064647b56
glaciers,glaciers/iceboost_v2/RGI60-02.14541.tif,7456,1d51c688b3561b8cee7b8a5464700ea581252797764a674a7f9675b63dba19d5
glaciers,glaciers/iceboost_v2/RGI60-02.14542.tif,13292,e7dbf7a4864328d6e4cc2290db80caa48e1b4c51753f8b9e2d67c0a3b43d3e92
glaciers,glaciers/iceboost_v2/RGI60-02.14544.tif,17021,90236d02559ff07d26ca1165bbb71fce5852be0149ce5e9cde86db19554d66fd
glaciers,glaciers/iceboost_v2/RGI60-02.14545.tif,11291,82e72f9863cdf9d7244cfe2c9929fea76bc9d262704dea779131019fe4d98d31
glaciers,glaciers/iceboost_v2/RGI60-02.14546.tif,6742,f023262d1b56c00143352e1b7417941801849620f16a73007c848374d286d40b
glaciers,glaciers/iceboost_v2/RGI60-02.14547.tif,8806,79e05b0782b9e2bd2b869422802a5f802aa08f46b18ee59861acf9b72cd2bf93
glaciers,glaciers/iceboost_v2/RGI60-02.14550.tif,10197,41059c25b6673dbdceeb4474dd2e7259b2fc7c2ee083796d0cbc270c1e3a039e
glaciers,glaciers/iceboost_v2/RGI60-02.14551.tif,10739,0c46a323d30f4103417b337558859374d6bc4d77b6ba496f286d4fe473a8479b
glaciers,glaciers/iceboost_v2/RGI60-02.14552.tif,7000,95f599218b08872996da6eac2576b4df0e6a69b633b290e54d0839caf421a1ea
glaciers,glaciers/iceboost_v2/RGI60-02.14553.tif,12455,82405cfd64db3c6f8df5a130df2d448f52371dcd14c4ad16f8191d002c90312d
glaciers,glaciers/iceboost_v2/RGI60-02.14554.tif,10456,36925fd5588de0823f554a4336fa9fa1350908ef24a2651b041986b810ac1df3
glaciers,glaciers/iceboost_v2/RGI60-02.14555.tif,10999,0a453cda0efd9a16b2d019116e0bd12d00546bbd4478eedf72befdc3efa41c9f
glaciers,glaciers/iceboost_v2/RGI60-02.14556.tif,11933,a5bde3b1760dd7ba0e1cd46afb6072742151009197fd0427973398aa9ed4d55a
glaciers,glaciers/iceboost_v2/RGI60-02.14557.tif,9389,070729f6e0b5bcb3d73d7ff3d5979792485a059a54a58a73720d47bf9230a6c0
glaciers,glaciers/iceboost_v2/RGI60-02.14558.tif,10299,465e8c5881a7dbae46088cf51e485a57798b665273917486e3edf00ecae4cfa0
glaciers,glaciers/iceboost_v2/RGI60-02.14559.tif,7130,de93be261f4f87ba56f2ea90a19845ba161c76b53ce31727afeaa58ab81796e3
glaciers,glaciers/iceboost_v2/RGI60-02.14560.tif,8165,dc04b1d6564ce6646477c3b7a63d25eeb845a02c25996d9f22a236ac87fca668
glaciers,glaciers/iceboost_v2/RGI60-02.14561.tif,12707,a1a457a671d1c4711a0d0e5e57733e37d144bcaffc61cde56157143ee7953ac1
glaciers,glaciers/iceboost_v2/RGI60-02.14562.tif,11138,82bd5150f689c30b40fb9274e4a49d7683422a827b2d192537bedb10f6d1552b
glaciers,glaciers/iceboost_v2/RGI60-02.14563.tif,7999,ae718d5da31f04772ade163140545b1c6fd69a8f0d245e3d6c2b03770466d89c
glaciers,glaciers/iceboost_v2/RGI60-02.14564.tif,11730,24a7cd8370989c0f1b57b2d2069baf7184886ebe152948b01608f2566544ff63
glaciers,glaciers/iceboost_v2/RGI60-02.14565.tif,12361,6c4e41d866bfbbf842e7a0f786d6911eddb4fabeeb5e7e5ee5bb1f87d72860af
glaciers,glaciers/iceboost_v2/RGI60-02.14566.tif,6729,dafc94079b4357719b7108aa5f4c3ac0bb74378619b9c81c917772b0c33e1a3b
glaciers,glaciers/iceboost_v2/RGI60-02.14567.tif,6370,1ba1cf9835b029392aad668788750f68df3dfec291146f1118622180704a58b7
glaciers,glaciers/iceboost_v2/RGI60-02.14568.tif,10684,d3261dd13a5314666f91262a486c02427744e60285385076cd2eeaf2d81f919d
glaciers,glaciers/iceboost_v2/RGI60-02.14569.tif,9100,d4d2f7244da8ef14356e1b84d28c353a64312645f99473993164e8aaca7c1121
glaciers,glaciers/iceboost_v2/RGI60-02.14570.tif,12648,7d0107cc385fff0a92f789e0995625aee1f945831fd0655db4207f0b92e061dd
glaciers,glaciers/iceboost_v2/RGI60-02.14571.tif,12987,447a6be146bab6431b7e8822fc4827583f28cdc6d5f7dfddc9ba459fecd3b99d
glaciers,glaciers/iceboost_v2/RGI60-02.14572.tif,10010,b7fee6451c7bdf5a7f3fd790d4eb87a5ea358c8b671d850daa2f09c673f2c584
glaciers,glaciers/iceboost_v2/RGI60-02.14573.tif,11394,d942ed2eeb4b627421dbdcb41e51af7586d00e5bff657e9aa0a7629a55b1424a
glaciers,glaciers/iceboost_v2/RGI60-02.14574.tif,15304,0f11b2ae76f8591f3899391f2142313a6663f6c7dac35243ba85b2676df55477
glaciers,glaciers/iceboost_v2/RGI60-02.14575.tif,10177,4e804e1b3f04bef24ffcd264cd4d5583d079af0e34160a883a0fbf27c7e72ad7
glaciers,glaciers/iceboost_v2/RGI60-02.14576.tif,9862,3f767c912afdb97ac489263f3a6b8ce81560410c42e9ca23235b4916eb3965c9
glaciers,glaciers/iceboost_v2/RGI60-02.14577.tif,14771,866f3f4cc2808c4f0465cc2bac08ae7fd1422b4ff549ddb0dfc9f66f2b6a5872
glaciers,glaciers/iceboost_v2/RGI60-02.14578.tif,9906,1b20f19a1b591e84a57a1deb536bfdabbfa5971f5cb7a35336664799d114c25a
glaciers,glaciers/iceboost_v2/RGI60-02.14579.tif,13462,2ea17190de0421cca3e0e32b45e88f156b0f1e96da3124974401087a2f1aafc0
glaciers,glaciers/iceboost_v2/RGI60-02.14580.tif,10472,11aa24d0e23ee95e7aafb08641219953144c4b6a6fe870b676a970b2fc02c2fb
glaciers,glaciers/iceboost_v2/RGI60-02.14581.tif,15342,cd56481df3d6d4e1780235c8e517b9f706bee2945d92560fd99083083427bb2d
glaciers,glaciers/iceboost_v2/RGI60-02.14591.tif,8267,c2c2ee32d5290b82dfab08ad848528afdd4263a02a480f29bbe5afa466295f3a
glaciers,glaciers/iceboost_v2/RGI60-02.14592.tif,6168,a429368dcba2b82c31961fb351de84c477d2345298e7401d2dde6c28d41ba4ef
glaciers,glaciers/iceboost_v2/RGI60-02.14593.tif,14123,426b7e576c01050269548f86b9acb62198c1066c0621fa3e02c4aecad901e11b
glaciers,glaciers/iceboost_v2/RGI60-02.14594.tif,13317,0150563b8e5b6816442b1cc46b581bc891cb18097594f0210529dcb00ed5c7c8
glaciers,glaciers/iceboost_v2/RGI60-02.14595.tif,15191,b6790abc76b06d491d1f12c04aeb4ac46acb917f79fc46a34ce3ea8cc632c21f
glaciers,glaciers/iceboost_v2/RGI60-02.14596.tif,17917,b4b7a8a4f8aa1f061b56d0d766e148098fc8e3a522fd57c01de25ed7447a8d2f
glaciers,glaciers/iceboost_v2/RGI60-02.14597.tif,14708,da06ff304bf62c7aed8fb641171628620bbf9fa137034074ac12f6c894b3f2de
glaciers,glaciers/iceboost_v2/RGI60-02.14598.tif,15810,6caf1f6295caaf7bc72588a9a02c80d003c1448f05faddcb697b6dffc0a9fa82
glaciers,glaciers/iceboost_v2/RGI60-02.14599.tif,23104,02c1ec16685adcd2445abe4a0ec4b26d2246f730162c109c2d1b27817608c84b
glaciers,glaciers/iceboost_v2/RGI60-02.18817.tif,9264,609dfb8d68963901fbaf20c93672781f8626136bf325b02644d1a58ce8b9dfbd
glaciers,glaciers/iceboost_v2/RGI60-02.18818.tif,12436,da8712224cbc64b711b7f2d1cf8e88a8ee128c7b9e5648cb65eb8268afccf560
glaciers,glaciers/iceboost_v2/RGI60-02.18819.tif,9771,2ef343b93a2775c007963c6b0211dca41d4ac71aabb856ad132a67c244726ffd
glaciers,glaciers/rgi62_domain.csv,11346,582a5b94c3837438ad5f5dd6eb36229639c5e4c515d1c717916476d1930f72bb
glaciers,glaciers/rgi62_stats.csv,38376192,ec35ddec0b2e084fe1f889be241c6ce717aabe8e1da670901f4791aa62b33256
gnss,gnss/manifest.csv,20526,781189666deec42acd210b142dd4fdcb9d7da0f18c47f5d9359acb5f0f0508e9
gnss,gnss/panga/panga_nam20_hvel.xml,259091,285b2b21c9e139beef7e77277520760c274f0749739a045b1608e5bbd430d177
gnss,gnss/panga/panga_nam20_vvel.xml,239064,cf5ab9cbdd208f01f3a1c0807a8dbeec9891c37cb067e002f9ad3eac9bcb63f3
gnss,gnss/panga/panga_raw.zip,145490360,65dac4c15663eebab093d31bb96251bf4a0baa8cc3b56a116db4241ff485b564
gnss,gnss/unr/CCRT.NA.tenv3,165036,85031bf8c2c7d4018296f3bb3d8f33fdc1ae72ac87cc7e03855c251a383217f5
gnss,gnss/unr/CEDR.NA.tenv3,97104,dc661bf431831bdd59ea34d5cb33dc9d433322ef2e916ccdd077bbfb9fe469e3
gnss,gnss/unr/COBI.NA.tenv3,133824,d077f486629ccefa3e721f6428896e9a2fce25f0822cbb6c2bd1b5817fce942e
gnss,gnss/unr/COPM.NA.tenv3,219504,6dc7714a77b009c4dc9698ef2862c33f9ea73d4d1693fb2a5ad473f2fd33d88f
gnss,gnss/unr/CPXF.NA.tenv3,1811520,8580bed42d1056886d1c0fbc7315ca5881f9962d811339d59372b9fe829a1460
gnss,gnss/unr/CPXX.NA.tenv3,1881696,96b4a74d26c6250548342738243530348dd7e90bf97c5e5e1e6bf540a4742654
gnss,gnss/unr/CUGR.NA.tenv3,31824,83c3d48614faedc1542184b4262c450dc57413d95b45e36df24cf832e4145913
gnss,gnss/unr/DCSD.NA.tenv3,146676,c9d137bf1db5b6d1799990457ad2254c7bf6128d80e1c181b1c1a96be42bc0e6
gnss,gnss/unr/DataHoldings.txt,2774131,3346320b897fbb8366d70ad23080de996ec4268e24f327212f43f0fee0b5a438
gnss,gnss/unr/ENUM.NA.tenv3,1583856,345caabddb4d6a41110fca764afd604f36e71bba9e3b51ef63f2779e92430762
gnss,gnss/unr/FTS5.NA.tenv3,1642812,6fc9aa571c02faa43dd2e1b0e382992f2cdc83132c357b0010923558737fb798
gnss,gnss/unr/FTS6.NA.tenv3,1097112,5db7f956e56e1c49d99325bfdfd6e57692f69557bc69ed4d4514155d15cae1be
gnss,gnss/unr/GHCC.NA.tenv3,86496,ff7b25bcff10659f8776fec7649a902e1495fdd25f6b055312165bddc80ea3d1
gnss,gnss/unr/GOBS.NA.tenv3,2089368,78758316065cc2826c51dbb45bf5b5e67e5a687c6331f643809ece234673fa5b
gnss,gnss/unr/GWN5.NA.tenv3,1581816,7bbfb86adbc1cbe5de5cbd95725c95a1436f9ee74f2a696b3a78adbdbfdfc773
gnss,gnss/unr/GWN6.NA.tenv3,1122408,41966898b97ed87832812c02eb2370fb37739256dc196459ee63da811b6efc8f
gnss,gnss/unr/HLDN.NA.tenv3,79764,fb0df90e98c57e7c293311b8a27efaa5839044a74c60aa2c616204437759cc7b
gnss,gnss/unr/JRO1.NA.tenv3,2049588,36a7f7607154eba76407b514e62ca66cc665dd64c21dbe0da36523b029bef63b
gnss,gnss/unr/KNTP.NA.tenv3,48552,dde8f76ffe7b41172928279f6e156d05b25f2adbf75209e83c0d56c9c06aaeed
gnss,gnss/unr/KTBW.NA.tenv3,1838040,cc8a87d057538ddc241bda9ac9fdaa9af24d70b9481e423e4a5b7da2671fc9ab
gnss,gnss/unr/LINH.NA.tenv3,2006544,4ad8f2741e37d65ce8ea250e5ed1dd43446ebf172bb6f2732192d1da458865c9
gnss,gnss/unr/LKCP.NA.tenv3,1636080,e095e08ba4d66622b1397c9a3eb8b3f85f3a9663afd09b0a41b7dd20e09cec9e
gnss,gnss/unr/MON3.NA.tenv3,1115676,ab27a8e80f84e5c6646e329f8c52942eac7b5870474afa700e258e0a25d60edb
gnss,gnss/unr/NARL.NA.tenv3,88944,e4035cfa2a113a8d474403572403dcee0871a5546ee19a9d7865d852fc8bad5a
gnss,gnss/unr/NSTS.NA.tenv3,195432,144590857f5202bc3080aac4458a630a6dcfa8f912c9b8f17d11d97337abed92
gnss,gnss/unr/ORAL.NA.tenv3,699924,022221d64ec1b583dba16dde4b3a891a5d89ba755b9bbcce1938a595c1706982
gnss,gnss/unr/ORHR.NA.tenv3,83232,2371873f29fb8f7b4fa2c2775786bc26a4f8f3a523e28408b5c34bcae69628db
gnss,gnss/unr/P421.NA.tenv3,1593240,bddd5eb9316836f8a7ede44e44d4a78c95e306d408a1b4a389ac4a86fb8bac1b
gnss,gnss/unr/P432.NA.tenv3,1637916,a8a576d13a4cfe51583886160ea1698dd5f4aac90800e6e9a5b61da748a1e742
gnss,gnss/unr/P696.NA.tenv3,1624248,487dbc9e0b4f7faa998a8537a01b6c67c8807148b5854c0fe1f4e4827e1a1b25
gnss,gnss/unr/P697.NA.tenv3,1247052,1968d4ca8f4177137d326a844dec1b9330306ef6661e197a29e7a3ca15085921
gnss,gnss/unr/P698.NA.tenv3,1592832,42ead136ccaccc74ef9c5db4e11b852757c592ac26f19c1d9d7252f3b045588b
gnss,gnss/unr/P824.NA.tenv3,246840,0af8fd36e07834c536ddb767af36c8a5473af800942f836060e78e6ad49c7a4a
gnss,gnss/unr/P825.NA.tenv3,206448,08a7d2965f83e5524e2c8e97426ef46c82f851ac48d449fc2dd00953326d7fa1
gnss,gnss/unr/P827.NA.tenv3,89352,e1116a721cdbe2826b4ad323b54287b8d62511c03c4f746a2a2913a4a471f5db
gnss,gnss/unr/P828.NA.tenv3,79152,511cd1702152ce8567713a06a7ae9c742f03ecdaef622fa725ddb367f0d3ca8d
gnss,gnss/unr/PCOL.NA.tenv3,1671372,91c3a5aefe61437741190e94d753257b39bc7653e19969f7021936a22396d8d0
gnss,gnss/unr/PNHG.NA.tenv3,477768,43ba0a0f698d357c3376ca6dd363ea4f13bb915069559a89074e9ab6b27f117f
gnss,gnss/unr/PNHR.NA.tenv3,171156,11d75ce5c4d7ba934c84a7c35d5040a5257de01a636c5ab129f9b33e0939560f
gnss,gnss/unr/PNNL.NA.tenv3,386988,6c0b7603a7a494ba1d0d279b0c213cad866ee30abd161f8c17e0016d90dcb50f
gnss,gnss/unr/PUPU.NA.tenv3,1571616,460f950e6ce599f42c1432ca3090c38f690bc02b2b40c17d990869e187aa4fc0
gnss,gnss/unr/RPT5.NA.tenv3,1609968,0d1038cdd076b10efe14730d9efddc6183b74f69eee60aa9351418ab24d3ee35
gnss,gnss/unr/RPT6.NA.tenv3,1022856,d81dc0945085aabb7c3b84888c30805f3b3e8889bf500eac39e664bfeb295e87
gnss,gnss/unr/SC00.NA.tenv3,1777248,b99384f0d16b170e70dffb7ad3d6137acddd2bd9ba57827183d2af6c9cf9f169
gnss,gnss/unr/SEAI.NA.tenv3,1128732,1e9b20a8eb0b27510394b59108ac893efc4c3ba7c66675378b51002c0e00121c
gnss,gnss/unr/SEAT.NA.tenv3,1993896,9ecce50268c1f3e20900d9cc46829c79cba03cd8646318cbfaa7a91524743ab2
gnss,gnss/unr/SEPR.NA.tenv3,570996,95b857edd6b2b96795dcfc24cc31213e7f4dd18c0135f37aa9d01cd0ac8721f0
gnss,gnss/unr/SMAI.NA.tenv3,1633224,38c3fa0a353f64d2c2a377e34ff3d9faa0a70aee572d37dfe8c7b947c9ee78a6
gnss,gnss/unr/SSHO.NA.tenv3,1638324,7b80a6e5ce3770a84e13aca3b39b31eb347a5b1b275dde415d105725d7ec38f0
gnss,gnss/unr/STA7.NA.tenv3,55080,abb2a695ae74d8ffea7eaca0b6f730aa9353234374814313c996e4b5f81c2ba4
gnss,gnss/unr/TPW2.NA.tenv3,1737264,b4c6d5abe471c1d558dc0fdbdfc0d7b09543440da7dde6a2dd91fe944399b977
gnss,gnss/unr/TSEP.NA.tenv3,225420,6b4a0373e5a719a86af2f7caa1dcfc49a658f6f7eef8ee1093ffd0213cdaa5ef
gnss,gnss/unr/TWHL.NA.tenv3,1818252,c79e5f46716f0b4bc9842a2b77b6dd50d8c2cc02205123b5b7d9f4f65c62147d
gnss,gnss/unr/V081.NA.tenv3,123420,0715c63e334e142a76f66cdc8af9b2f79d1112e169dbb799303a31a91d0caebb
gnss,gnss/unr/WAEL.NA.tenv3,724812,7825cc0af0197a43214b1be2ce9e498c92f38bcdd960e76b4e9c11f3d4a09ccb
gnss,gnss/unr/WAEN.NA.tenv3,650148,0001f203ee8dd82765365246a26ff65551d5816b73f7387c851097bb5d8fadad
gnss,gnss/unr/WAK2.NA.tenv3,44268,0984432186d8375b92ecdf8fe3df2c39e9eb54dc91b415f9a8360c90d11a6d69
gnss,gnss/unr/WAKI.NA.tenv3,449616,e99623e7108f41af3f70334d5028ca16fa96ffdb1493fbbc99c79faf221830e4
gnss,gnss/unr/WAKL.NA.tenv3,695640,907a785dcc1aced0cda8416988c435e4f567a47cceda874758459c7687353bb4
gnss,gnss/unr/WAME.NA.tenv3,25296,b478303a2a702855a775a515183358bd361b2d9eb5ef9b38760392c6c4b6ac90
gnss,gnss/unr/WAMO.NA.tenv3,662592,1183ada1ebffb046f9fab3b38a5726146033a7450f13c5597cd7d403ab177f14
gnss,gnss/unr/WAMS.NA.tenv3,712368,b48f97333ef75333e3c80c91cfa1ac70d6733a95b681733fe45250f273fa0b64
gnss,gnss/unr/WAMW.NA.tenv3,670140,1609289a3902b35a37b8ecd6cf02c16bd16827ef888d0ad81c0ec659b08530ef
gnss,gnss/unr/WAOL.NA.tenv3,662184,fb0144fba04d55d8901730505942ea48f36e6cbfa9dd6944ef8543c2791c4714
gnss,gnss/unr/WAPO.NA.tenv3,1236240,8d630226aa636f9fa3a72d212a178e9da880f28fba4a4958e67b61c22e91d292
gnss,gnss/unr/WAPT.NA.tenv3,123216,8f147b2aceee624cf29471231a8de44284dfbfdcda02099bf070323feabe748d
gnss,gnss/unr/WAQU.NA.tenv3,676872,1a2ab788566243d316f62d909ac7d8e7a6acc519a770049ea56721a161347083
gnss,gnss/unr/WARM.NA.tenv3,711348,da0e5106e4a7734ddd8463737d12cdc5c55d8196073297dbcde1fd1792538c08
gnss,gnss/unr/WASH.NA.tenv3,119340,ce6401d2005e9b29de25689c68c8cc4bba839a0961ff56c304f1e5a0b3e1cbff
gnss,gnss/unr/WASN.NA.tenv3,702984,3e8c67b0e20de3b80f6870f4386a9c2e39d7965a873edc0ce5161641d49b94db
gnss,gnss/unr/WAT4.NA.tenv3,17748,3f227eb5c3b32dde7ad72698eeca612e0f226e0aaa362b58f57250105df61c87
gnss,gnss/unr/WAW3.NA.tenv3,33252,49e51174d9127858c065241fbe27e4d54ad679b08c9ae55394d227774ccca795
gnss,gnss/unr/WAWE.NA.tenv3,1107720,ed9c27ca731007fcb38b9344411ead6758dc18efe170de98286dfd1cb0cd8804
gnss,gnss/unr/WAYA.NA.tenv3,723180,f1ed5f435cb04cb20870dbb32872e44949678c3846e0c0c57448823b08ddae3b
gnss,gnss/unr/WAYK.NA.tenv3,25500,0957a5cbf2804846e7a477ba001ac77642ddb308540ac9e3beaee638a86a78de
gnss,gnss/unr/steps.txt,7392347,21633fa9d243f8396e8f937ef1e73186d6fd7755e4e1d34815d9e221dead81be
hydrology,hydrology/NHDPLUS_H_1703_HU4_GDB.zip,111057089,6b433d2a62a43a57f9a55a1a463fed735476a351c85f3052a2ac22e7c3165c36
hydrology,hydrology/NHDPLUS_H_1708_HU4_GDB.zip,273707388,7226a09384fa7b0b0e3f478f5b54814f7f0cc1cc2463d8def1c0704c2af0ed46
hydrology,hydrology/NHDPLUS_H_1711_HU4_GDB.zip,485774087,4fa06aba55b79ea1a2194933123c64e157b9687658bfaa79764b504341849d55
hydrology,hydrology/fan2017_wtd_clip.tif,47314,53fcc7c887f1e0051224f39053da22cdcde9f4149c2d6d1c95fa600963215b47
hydrology,hydrology/ma2026_wtd_mean_clip.tif,19405424,027e258f1d02d734452d92c43b7f929a6163a53259ea892de9099cd656eb018d
hydrology,hydrology/nhdplus_flowlines.gpkg,1159168,6e2367e8a49e87d1e54342a2b91c7b0e94606da846dd312a37a9bb7d159cb85f
hydrology,hydrology/nhdplus_hr_flowlines.gpkg,32849920,cc8df1f9e4d36d5e975da05bf960ad65c9eb9274718111397914ab0c1a48aac2
imagery,imagery/s2_2025-08-01_2025-09-30_20m.tif,96147438,5f56b1beac7e2856e69b02216cb1ac3c430bad1e7b526a2feaa7b84a4bd63af1
pnsn,pnsn/picks.csv,534386,80bbccdfd7c7e24cb969297a2b793db3847e4860eeaa3a7efa3548abb4e4340e
pnsn,pnsn/quakeml/uw60123108.xml,27027,e727ce922fa7df6675868f3bd68ab183ed9e8510daaf48e65ead05e0418a2837
pnsn,pnsn/quakeml/uw60950382.xml,343659,9b448ae341fc6ca769d3d27f302d21ac16016f521f6f28357d2b104fc4e41555
pnsn,pnsn/quakeml/uw61044377.xml,114093,82aa8ce969fe1eb30d8ddcbb93915366425012b7f2a15b109451a2c8b97d1e70
pnsn,pnsn/quakeml/uw61049937.xml,55593,8a3caa6d9781514ae3d8d82119c4ff1504a8bef8fb578ed27f98ca94992794ff
pnsn,pnsn/quakeml/uw61057477.xml,396490,63d31dd01adf8c8b55649c498696e6993d4633e9c23d98532624e45b20e9ddd5
pnsn,pnsn/quakeml/uw61071161.xml,245544,f930b622bf248918c13d2652e1402822a854e135432b8b9488c037c6928eb2b2
pnsn,pnsn/quakeml/uw61074061.xml,103602,d5a48e7e080f04c131655895592e18fea8abac8b9fec32999728c704a23b876e
pnsn,pnsn/quakeml/uw61084992.xml,528958,43c9630ac7b08201f673b119b6d9606ef9f7b10ef77afa7848d5d13e7998e385
pnsn,pnsn/quakeml/uw61091382.xml,234333,62c8f71bc5b9454be7e72faba03a71df9dd10b08c54f48270153188c4f8b7f9f
pnsn,pnsn/quakeml/uw61127421.xml,70662,03095fdd900667fefa81e58d4e43702a4fa28ca54dfdde21daf2531b4172476b
pnsn,pnsn/quakeml/uw61127696.xml,240593,c41c46f92d1e54e019c7bf87338bb301454725113f48b074deebd5ab9a291e4e
pnsn,pnsn/quakeml/uw61132466.xml,63291,866477bdb1ddfb101daf091bde1a1c89ff92133d9e43a80858e58155477fda68
pnsn,pnsn/quakeml/uw61143812.xml,108995,1e94fd10ab566b18706e80d160beab43cce1013271bfbe9af8eea27bffa96e4f
pnsn,pnsn/quakeml/uw61180827.xml,328076,8517e6ec438e69a9019d12bddd0df8b30d6cad8e0f477b55b7c17d84424a0bef
pnsn,pnsn/quakeml/uw61182187.xml,89893,0311d6c7ea6b10c3ed7f95a70b9e07cfdc1b6e72cd9f30f990fcb4fd9d54ff2d
pnsn,pnsn/quakeml/uw61255381.xml,103046,06a6cb1c822b15159953eb11621a98488b36e446434392fd3f31a86b44fd5e16
pnsn,pnsn/quakeml/uw61280162.xml,119379,b4e053e4f50231b8af994292d74ca0d7a7b24f7c29e99c99edf81f6801a06075
pnsn,pnsn/quakeml/uw61281132.xml,107075,ada02bd57ab3cb4aa848da71355607c4d25653431205adb9abc04522377752f7
pnsn,pnsn/quakeml/uw61293861.xml,87920,761a7c685963a74f223216884c3902b9e9446b6ce9fb0a4672a763294cef245e
pnsn,pnsn/quakeml/uw61306032.xml,165043,3cc06f8dcd2e151a1acd2eae50260c0e3828541e9bc95520a6361b0f2cab9222
pnsn,pnsn/quakeml/uw61306142.xml,174831,a00b3527e313ff80752ec68214917c1abb876078d69b584de8a383c30612e06f
pnsn,pnsn/quakeml/uw61306292.xml,189444,ed9698ef4c6af22362ddc363d6c10087324d1bf60a77ee74508be2ece7ace9e8
pnsn,pnsn/quakeml/uw61306297.xml,160014,732213bfcc1d9b0a46dbfa5eaf5b884006e77229a6f67888b6dc106983f32443
pnsn,pnsn/quakeml/uw61306951.xml,77577,009d5ee5977a807b3900bcc1e2e211a10a4c0bdea5960cd63a6db9178df9d170
pnsn,pnsn/quakeml/uw61307577.xml,124631,e4ebc186467d1f321356ffbcbd4608784e6a12688bce3dff4cb54eefb685d115
pnsn,pnsn/quakeml/uw61307587.xml,159067,0fbe5919a4863dfaaf9801c2e32b61682373cadeec89300bc314f1f0301104bf
pnsn,pnsn/quakeml/uw61307927.xml,79758,c691d86037bbe86382c337699a9e4cee4ada7921a7ca970343a1ab717e01caac
pnsn,pnsn/quakeml/uw61321932.xml,132441,6aafff30b4d7d3882410130269a673ab831d6e405e08aaaf72a7b1ab887f8281
pnsn,pnsn/quakeml/uw61345497.xml,164288,5f26b719bc7fd8a1258eb7eb501d2d3043b03b3f46ef20dc4cec7c37bd2e75c2
pnsn,pnsn/quakeml/uw61362202.xml,235730,08f36e658297ef6618721d3c48572350f59dfe4953f6c4023fb81a95129b82bd
pnsn,pnsn/quakeml/uw61362212.xml,123566,0fa1c73761a17fafb81b44b0c3271c7317a087c994c259a9b4adb9920575c23d
pnsn,pnsn/quakeml/uw61368441.xml,148555,3151c02520b41d3fa8836f4efd1bf3fec0fcc96c58bd947640c9448552468713
pnsn,pnsn/quakeml/uw61377941.xml,120133,4f6bebfbe4a1cb78dddbc5ae8c1c868de20a5a9b36f752263151768c031d1af3
pnsn,pnsn/quakeml/uw61410081.xml,153070,f8a882ecaecb8debac712adec648b67d7d4a62cc7e58d9cd6802f1cef415b314
pnsn,pnsn/quakeml/uw61414161.xml,98053,ba23a0bbca33b2a2d4b2562923febd9a27d0163364879b5d1668da532e58e2b8
pnsn,pnsn/quakeml/uw61417481.xml,153967,b78f74af5a233f96fae5f7f9cd24678d2afaa11c2a35cb346820e79e0f8f43f2
pnsn,pnsn/quakeml/uw61501548.xml,95055,4ef6f2da334226ae6d54af805178f3363fd31828696a9786bc51df9c76c3daf5
pnsn,pnsn/quakeml/uw61561891.xml,152382,ed883c056cc4502afd73c10712364743ed60bd83448dc1b6b3356ac06f169009
pnsn,pnsn/quakeml/uw61562371.xml,222643,9ed1e77f4b750f2fbd2e74607a20a6dd7c152c16d15977071e3926b3384c78f1
pnsn,pnsn/quakeml/uw61569557.xml,172352,d3565dfb1c971f7713a4817e1969f75441cd570bd11443c050527b3c6bbe64dd
pnsn,pnsn/quakeml/uw61597087.xml,193804,170a5da229ea8aa9d6bfd9c2115793d443d10dd7be0fff22f797dd143b5c739f
pnsn,pnsn/quakeml/uw61696206.xml,155389,4cb67e5a36ff6790c0a7cd31358a5f40a23e363da23fcd3f48a0b8659d287cf2
pnsn,pnsn/quakeml/uw61699007.xml,338317,dba1d6f20da925fd07185e7ee99e7034c68d71352f8cc28a8cb30fffee78a069
pnsn,pnsn/quakeml/uw61786052.xml,419536,04ac348745e2372e05f9fcf4db7b58425b866c2c0aac7c12d814f8a677082846
pnsn,pnsn/quakeml/uw61800681.xml,173578,6e8b6e551fcca1b00db8d8c7321dc5635f8b42932f681507ec38c11d0d15e5b3
pnsn,pnsn/quakeml/uw61810166.xml,198624,57aae34453e5346c5e1e52f77a3d6287ed64b3b41bfe2cf9fb0fe404e67193c6
pnsn,pnsn/quakeml/uw61832042.xml,233470,399a1a072b678a4d2467dbbdb55f5bb8d595801e559b6adef71d4bbfa54e8371
pnsn,pnsn/quakeml/uw61832082.xml,176626,717613835025ae810ce757189a5252d2df39b2397b07c7c23094266df69545be
pnsn,pnsn/quakeml/uw61875787.xml,135707,ef3e76e8f6293c0f7034684af50a9b647078d56d98a2a2f356b78a2a5a6c33e8
pnsn,pnsn/quakeml/uw61881647.xml,226592,9901a8d83f0b0693f6c116e03a5f0232dbb74434638cb323ecba231fb45b8943
pnsn,pnsn/quakeml/uw61881707.xml,241465,5f8131ff93f1439aae34f942e250045b83865f04f34492d7bd898fe009e154cc
pnsn,pnsn/quakeml/uw61886652.xml,153063,d697675eb08687bacbf5a8bb79b786068e3ba80051eb83a83c9374a4cb2b46dc
pnsn,pnsn/quakeml/uw61898541.xml,235814,0f5a5235e7d766546361cc393dec6b137a58c9b5e3092d639f79c5f140e672f7
pnsn,pnsn/quakeml/uw61898746.xml,220153,495d67608ed4177c8ae7a98ca049a9dc0082d56a0836e08a359785393daf62e0
pnsn,pnsn/quakeml/uw61931601.xml,396136,e2566430204d9a4b4d1bca686cebc573a99bb35c1588a85176f080e577e1f30e
pnsn,pnsn/quakeml/uw61934991.xml,414366,f07b29517877e31e13dbf3251d12a1dbb391923f135e381ea142cacb8b01b59e
pnsn,pnsn/quakeml/uw61943417.xml,422195,335eb67caee9b7a046cc8d69d783a6b8b6e9381fadc09456855e1beb46cc3bf1
pnsn,pnsn/quakeml/uw61953651.xml,269644,2538dff7a3d896d1240c391c16dafce24d6ef30280af021c5d0c67f752296588
pnsn,pnsn/quakeml/uw61953701.xml,373871,d5dba8abdfb1b9174dc6a4f94dcef1d5cc175b913b4d7650039d18b904a9b65a
pnsn,pnsn/quakeml/uw61959007.xml,355379,466432d8f652220e86b39b4f38bcb4f02bde4241564fceb10df85af886d96c2b
pnsn,pnsn/quakeml/uw61978811.xml,180580,3f8d089301c5d80598f3680b12a1ec094e16d93664838aa9416681ef4bdbc97b
pnsn,pnsn/quakeml/uw61978931.xml,281361,39e2c3384fd86ac73688ef85b6971ddf4b533e3e9c67e4f2d0bd31426ac0dd60
pnsn,pnsn/quakeml/uw61979346.xml,228846,d10588d0752677d09dafc5450c7f85d01848e3419ce9fa33c34114122c92180c
pnsn,pnsn/quakeml/uw61982146.xml,1388324,110bc36d03e2352a16ab66124eb8ac04907eda3182609206b24d098291ad5709
pnsn,pnsn/quakeml/uw61982646.xml,250688,c8ad431dbf4143c7548adfaf728d347ab7f615ce650c4786b3fde3d70195688b
pnsn,pnsn/quakeml/uw61988317.xml,100139,e4af1dcdca738b9586bd202eb1c65971c383f6cb7ca3921072506872e3b7eb23
pnsn,pnsn/quakeml/uw61993051.xml,330725,a1d400277d7b77be937a4cc1f1a63d564241087b92c3309335a54311e8812b33
pnsn,pnsn/quakeml/uw62008376.xml,129026,0d8d0e159610eecbfd3df362f5ca8b4ab10461a38bd2cac763c360e711417f82
pnsn,pnsn/quakeml/uw62043532.xml,136343,a7084e843702f43cb19c9040c753ac9140b721bd9435b4dddaa94ce5cebac26d
pnsn,pnsn/quakeml/uw62071181.xml,536386,a8dedecacad170fc701816acb3591f017d8caa7d64b017be6195c915866e5e3f
pnsn,pnsn/quakeml/uw62118931.xml,191119,d05e2f9d5d59926f933c059face8aca5a4941f6a9d72b71641810044b2920911
pnsn,pnsn/quakeml/uw62135657.xml,78391,eab5c63da1a69af947096e9ca6b3ffe4081a81ccc98f6ed22e44d0c306660c25
pnsn,pnsn/quakeml/uw62136677.xml,80490,0d6a998acc6bd4d3607a6655fcc9c91a0891ed7d1c3aca5b1c2056f4789be19d
pnsn,pnsn/quakeml/uw62138892.xml,105244,81447a2b28c7099065a61486a32c566982bab32fe03e07e710f082afc198c62b
pnsn,pnsn/quakeml/uw62139727.xml,82639,8e8f9259b8f79c869914fadaa26f6308a2a2ebb1c4a6d6e80acfb23e9c860aab
pnsn,pnsn/quakeml/uw62143162.xml,83851,e4e43f587f29192569210cb9a72e1323baa25a10a80fdad95f5e25e2bb536682
pnsn,pnsn/quakeml/uw62143632.xml,105136,a10eea335d3c02ea068711650bd74c95ce3a1c867d6427d61c32d13d8df1779b
pnsn,pnsn/quakeml/uw62147707.xml,91359,28b4fbc9e7072fc4132b72b188424d6af02da785da3fd5c04595234b78acbd03
pnsn,pnsn/quakeml/uw62180242.xml,627385,109d99331c83cbd0deb5202d0f3aa66c3e00a26612d662fcdccf4c0d92b80dd9
pnsn,pnsn/quakeml/uw62188477.xml,32034,98d8ec8da91a41816d0e1d481d71c5b1da813416f02d388e6a6c7a2cc3c1e208
pnsn,pnsn/quakeml/uw62206701.xml,496629,5d3bd43ff9820cd4fde06ca3846263db43229e4601d5c546f2330cddcf319e74
pnsn,pnsn/quakeml/uw62206856.xml,417209,38164b4be6890fa51ea4699ff10c31f67f5c815307f7e8a76642e0529aa7c634
pnsn,pnsn/quakeml/uw62216121.xml,290046,5814e319d0acb2ade6a212949e169f95044f9b0c636ef3dfe492f87c29a916c0
pnsn,pnsn/quakeml/uw62219251.xml,277241,261881b74b00ba6468acbc26780472a2066e543158f8cb9f05a3c6acc014bd30
pnsn,pnsn/quakeml/uw62230362.xml,277324,6eb9296d5ae4ad29a87ef965f56015961b74813676dbbd49bb147d2aa340f8ba
pnsn,pnsn/quakeml/uw62233581.xml,182617,8be1a4f6cde097cf6db9ae38dc0612397afadc3f0d3a0cf1ee88e0f10cb88ee8
pnsn,pnsn/quakeml/uw62236021.xml,399541,8c016c0535a004e68289c805589d8d019f9f66939a408e574cdc69925794275d
pnsn,pnsn/quakeml/uw62236041.xml,234312,81e5edc7de3dfb9d24afdbd6c139bff5dca672bb6308091e1cb2ffb15168d536
pnsn,pnsn/quakeml/uw714005671.xml,344793,33841bb8fcc091e5ae0f8900ad4f639d037fbdb8c8b52e23917b322431ba2e00
pnsn,pnsn/quakeml/uw714069021.xml,324172,6ab67b38db03ef19771929511d1e5554bcb38cf1e722d6ebae5137322a53f80c
pnsn,pnsn/quakeml/uw714083092.xml,317562,0d090e6074820d06c15e51e390a5e2b8a0a70a6cd4e79d247bffc33636ae2c4a
pnsn,pnsn/stations.csv,2550,247562a00ea55ecc6b304873fb32fb337011e29107690942bdbbc5fb6948a9d2
rainier_aerogeophysics,rainier_aerogeophysics/33k.gxf,453210,22858cf76c4d422b1c5eaf625be8fc95c962fdfbeb1867d31efbb46addb2ed5f
rainier_aerogeophysics,rainier_aerogeophysics/4341.gxf,453250,de63eb801f502a21049c2d3852fb3d24d87ad4f124dba6f8d813cf1221d2bd85
rainier_aerogeophysics,rainier_aerogeophysics/4737.gxf,453226,d00d4005146a9d7280e05fdec9e610db9f54955fd3984c6db023a6baba258c24
rainier_aerogeophysics,rainier_aerogeophysics/837.gxf,521412,cb188ff5dc44be67991ac0a611ae10e567e2b2edd9656f1ec09ee466402d48f7
rainier_aerogeophysics,rainier_aerogeophysics/flight_line_mag.gxf.gz,5185673,0004def0a40e1c39bcd30ccd84f862310f7aaf1cada00ff62d05da1b27a69e5f
rainier_aerogeophysics,rainier_aerogeophysics/flight_line_mag.hdr,308,82c7a1bcc37fe79d1000939e5d756bc6e549628c40912bf6eed16ecbb40fd08a
rainier_aerogeophysics,rainier_aerogeophysics/flightem.xyz.gz,11462266,a47c7bf74daa22041633b6945886eb9deb1aee536cdf5de3dba6bbeb331c2407
rainier_aerogeophysics,rainier_aerogeophysics/rp.gxf,625403,7ec077f1e13ada5e7e65c4b26950dbf02cac5d04c2d4827e97af73f07c3a4750
regional,regional/cvm17_domain.nc,59805155,f77756430f5fe5d3990c36678c8e7eddad48977f090ff1f5733f3b69af29b4e1
sensors,sensors/fdsn_channels.txt,633716,0c1824e6cdaa7524ec91dcd549bfd178adc0458e0699f66138b89728372bec84
sensors,sensors/gnss_sites.csv,27578,347a3d3e5face783bcf27d5b405b200d542076dacabdc22638f046a4108cee39
usgs_rainier_hazards,usgs_rainier_hazards/rainier_98shapefiles.zip,150813,ab05b0bf91dfbd45dfd7d4613ac51091c0673a04127c336b263c45656041b010
wgs_landslides,wgs_landslides/landslide_compilation.gpkg,2371584,c437a9ae8287214ebf48dfdef763c8831ddb0b5718a9e4d087c3e40f0366128d
wgs_landslides,wgs_landslides/landslide_deposits.gpkg,995328,a39977d48bbe8b384e9a7d7fb2511cd683c10ec20f05c654d40ee170bbefa131
wgs_landslides,wgs_landslides/recent_landslides.gpkg,98304,c8d462713a00e80693b5bc003fc6fa537a515d461aff67647c49b4b5b9e41b1e
